ObjectID,Date and Time,Select shrub subspecies,Shrub height (cm),Shrub width 1 (cm),Shrub width 2 (cm),Shrub Volume,Volume class,Number of green Rhopalomyia californica galls,Number of dried Rhopalomyia californica galls,distinct areas of Puccinia evadens,Number of Gnorimoschema baccharisella galls,Presence of Aceria baccharipha galls,total galls,galls/cubic meter,Creator,x,y
548,5/14/2021 23:08,consanguinea,8,2,3,0.000048,small,0,0,0,0,no,0,0,evzhou_UCSDOnline,-117.2367532,32.88150604
549,5/14/2021 23:12,consanguinea,17,2,4,0.000136,small,0,0,0,0,no,0,0,evzhou_UCSDOnline,-117.2367347,32.88152059
4,4/14/2021 18:49,consanguinea,6,7,4,0.000168,small,0,0,0,0,no,0,0,kuyeda_UCSDOnline,-117.2361923,32.8812434
547,5/14/2021 23:04,consanguinea,20,6,6,0.00072,small,0,0,0,0,no,0,0,evzhou_UCSDOnline,-117.2367443,32.88152419
546,5/14/2021 23:00,consanguinea,26,5,6,0.00078,small,0,0,0,0,no,0,0,evzhou_UCSDOnline,-117.2366719,32.88144672
453,5/8/2021 0:11,consanguinea,12,10,9,0.00108,small,0,1,0,0,no,1,925.9259259,pbonebra_UCSDOnline,-117.2460475,32.91432598
545,5/14/2021 22:57,consanguinea,23,5,12,0.00138,small,0,0,0,0,no,0,0,evzhou_UCSDOnline,-117.2366674,32.88145882
41,4/22/2021 22:15,consanguinea,21,11,6,0.001386,small,1,0,1,0,no,2,1443.001443,s1lippma_UCSDOnline,-117.2184818,32.85532366
167,4/25/2021 23:19,pilularis,7.2,9.6,20.2,0.001396224,small,1,2,0,0,no,3,2148.652365,j3swanso_UCSDOnline,-117.2472719,32.86772938
370,5/5/2021 1:24,consanguinea,5,20,19,0.0019,small,0,0,0,0,no,0,0,aburquiz_UCSDOnline,-117.2210477,32.85617138
29,4/22/2021 21:55,consanguinea,22,14,7,0.002156,small,0,1,0,0,no,1,463.8218924,s1lippma_UCSDOnline,-117.2170399,32.85530628
309,4/30/2021 23:56,consanguinea,11,17,13,0.002431,small,0,0,0,0,no,0,0,jalpizar_UCSDOnline,-117.2362225,32.88108303
305,4/30/2021 23:45,consanguinea,14,16,11,0.002464,small,0,0,0,0,no,0,0,jalpizar_UCSDOnline,-117.2361822,32.88130849
391,5/5/2021 2:03,consanguinea,16,12,13,0.002496,small,0,0,0,0,no,0,0,s1lippma_UCSDOnline,-117.2228998,32.85543242
307,4/30/2021 23:54,consanguinea,17,11,14,0.002618,small,0,0,0,0,no,0,0,jalpizar_UCSDOnline,-117.2362595,32.88135919
182,4/26/2021 22:58,consanguinea,20,13,11,0.00286,small,1,0,0,0,no,1,349.6503497,aburquiz_UCSDOnline,-117.2208003,32.85791683
456,5/8/2021 0:13,consanguinea,37,10,8,0.00296,small,0,0,0,0,no,0,0,pbonebra_UCSDOnline,-117.2461553,32.91429004
529,5/14/2021 4:13,pilularis,25,12,10,0.003,small,2,1,0,0,no,3,1000,j3swanso_UCSDOnline,-117.2298888,32.85434884
285,4/30/2021 21:27,consanguinea,20,16,10,0.0032,small,0,0,0,0,no,0,0,jalpizar_UCSDOnline,-117.2364416,32.88132945
40,4/22/2021 22:13,consanguinea,30,11,10,0.0033,small,1,2,0,0,no,3,909.0909091,aburquiz_UCSDOnline,-117.2185844,32.85549473
386,5/5/2021 1:37,consanguinea,18,16,13,0.003744,small,0,0,0,0,no,0,0,s1lippma_UCSDOnline,-117.2213025,32.85619601
374,5/5/2021 1:40,consanguinea,17,14,16,0.003808,small,0,0,0,0,no,0,0,aburquiz_UCSDOnline,-117.2209825,32.85706176
428,5/7/2021 2:37,pilularis,9,18,24,0.003888,small,0,0,0,0,no,0,0,nmorrow_UCSDOnline,-117.2436367,32.87829871
118,4/23/2021 23:05,consanguinea,10,15,27,0.00405,small,0,0,0,0,yes,0,0,jalpizar_UCSDOnline,-117.242363,32.87671606
426,5/7/2021 2:34,pilularis,8,16,32,0.004096,small,0,0,0,0,no,0,0,nmorrow_UCSDOnline,-117.2438577,32.87844024
38,4/22/2021 22:12,consanguinea,40,15,7,0.0042,small,1,6,0,0,no,7,1666.666667,s1lippma_UCSDOnline,-117.2182517,32.8553385
295,4/30/2021 23:35,consanguinea,30,11,14,0.00462,small,0,0,0,0,no,0,0,jalpizar_UCSDOnline,-117.2320772,32.88311049
377,5/5/2021 1:51,consanguinea,45,7,15,0.004725,small,0,1,0,0,no,1,211.6402116,aburquiz_UCSDOnline,-117.2215691,32.85603706
200,4/26/2021 23:00,consanguinea,26,15,13,0.00507,small,0,3,0,0,no,3,591.7159763,s1lippma_UCSDOnline,-117.2208812,32.85791995
209,4/26/2021 23:50,consanguinea,37,14,10,0.00518,small,2,1,0,0,no,3,579.1505792,s1lippma_UCSDOnline,-117.2201238,32.857165
425,5/7/2021 2:33,pilularis,6,26,34,0.005304,small,1,0,0,0,no,1,188.5369532,nmorrow_UCSDOnline,-117.2438067,32.87845453
382,5/5/2021 1:24,consanguinea,19,16,18,0.005472,small,0,0,0,0,no,0,0,s1lippma_UCSDOnline,-117.2212162,32.85606278
513,5/12/2021 23:40,consanguinea,24,21,11,0.005544,small,6,0,0,0,yes,6,1082.251082,rstrait_UCSDOnline,-117.232439,32.90585183
448,5/8/2021 0:08,consanguinea,20,16,18,0.00576,small,0,0,0,0,no,0,0,pbonebra_UCSDOnline,-117.2458118,32.9139051
552,5/14/2021 23:22,consanguinea,28,16,13,0.005824,small,0,0,0,0,no,0,0,evzhou_UCSDOnline,-117.2363258,32.88128444
511,5/12/2021 22:19,consanguinea,30,18,11,0.00594,small,3,0,0,0,no,3,505.0505051,mhibler_UCSDOnline,-117.2363446,32.88130446
28,4/22/2021 21:49,consanguinea,24,15,17,0.00612,small,1,0,0,0,no,1,163.3986928,aburquiz_UCSDOnline,-117.2179965,32.85522432
417,5/7/2021 2:23,pilularis,5,34,37,0.00629,small,0,0,0,0,no,0,0,nmorrow_UCSDOnline,-117.2437011,32.87849556
308,4/30/2021 23:55,consanguinea,35,17,11,0.006545,small,0,0,0,0,no,0,0,jalpizar_UCSDOnline,-117.2362976,32.88123559
31,4/22/2021 21:59,consanguinea,38,18,10,0.00684,small,2,2,0,0,yes,4,584.7953216,s1lippma_UCSDOnline,-117.2182544,32.85530635
530,5/14/2021 4:15,pilularis,23,20,15,0.0069,small,2,1,0,0,no,3,434.7826087,j3swanso_UCSDOnline,-117.2298588,32.85439427
387,5/5/2021 1:40,consanguinea,17,23,18,0.007038,small,0,0,1,0,no,1,142.0858198,s1lippma_UCSDOnline,-117.221599,32.85604455
551,5/14/2021 23:19,consanguinea,29,19,13,0.007163,small,0,0,0,0,yes,0,0,evzhou_UCSDOnline,-117.2362923,32.88125634
208,4/26/2021 23:46,consanguinea,27,20,14,0.00756,small,0,0,0,0,no,0,0,s1lippma_UCSDOnline,-117.2201521,32.85735967
185,4/26/2021 23:13,consanguinea,16,22,23,0.008096,small,0,0,0,0,no,0,0,aburquiz_UCSDOnline,-117.2204933,32.85823072
413,5/7/2021 2:15,pilularis,10,27,30,0.0081,small,1,0,0,0,no,1,123.4567901,nmorrow_UCSDOnline,-117.2436672,32.8785365
447,5/8/2021 0:07,consanguinea,34,20,12,0.00816,small,0,1,0,0,no,1,122.5490196,pbonebra_UCSDOnline,-117.2457433,32.9137229
202,4/26/2021 23:06,consanguinea,17,25,20,0.0085,small,0,0,0,0,no,0,0,s1lippma_UCSDOnline,-117.2207709,32.85797234
72,4/23/2021 0:02,consanguinea,60,15,10,0.009,small,0,5,0,1,no,6,666.6666667,pbonebra_UCSDOnline,-117.2449627,32.86945954
380,5/5/2021 2:02,consanguinea,26,18,20,0.00936,small,0,0,0,0,yes,0,0,aburquiz_UCSDOnline,-117.2226965,32.85554604
315,5/1/2021 2:08,pilularis,3,64,51,0.009792,small,12,1,0,0,no,13,1327.614379,ethomsen_UCSDOnline,-117.2428012,32.87621661
196,4/26/2021 22:37,consanguinea,34,21,14,0.009996,small,0,0,0,0,no,0,0,s1lippma_UCSDOnline,-117.2215359,32.85740254
424,5/7/2021 2:32,pilularis,12,26,33,0.010296,small,0,0,0,0,no,0,0,nmorrow_UCSDOnline,-117.2437228,32.87842146
491,5/12/2021 1:05,consanguinea,33,23,14,0.010626,small,0,1,1,0,no,2,188.2175795,aburquiz_UCSDOnline,-117.2286352,32.85491504
416,5/7/2021 2:22,pilularis,11,44,23,0.011132,small,0,0,0,0,yes,0,0,nmorrow_UCSDOnline,-117.2436899,32.87850101
318,5/1/2021 2:19,pilularis,9,46,27,0.011178,small,3,0,0,0,no,3,268.3843264,ethomsen_UCSDOnline,-117.2427479,32.8762617
183,4/26/2021 23:01,consanguinea,33,20,17,0.01122,small,2,0,0,0,no,2,178.2531194,aburquiz_UCSDOnline,-117.220844,32.85789176
527,5/14/2021 4:06,pilularis,37,18,17,0.011322,small,1,4,0,1,no,6,529.9417064,j3swanso_UCSDOnline,-117.2299113,32.85440722
514,5/13/2021 0:40,pilularis,19.4,37.75,15.5,0.011351425,small,0,0,0,3,no,3,264.2839996,rstrait_UCSDOnline,-117.2415223,32.91541927
479,5/8/2021 2:26,consanguinea,38,15,20,0.0114,small,0,0,0,0,no,0,0,jalpizar_UCSDOnline,-117.2369761,32.88130007
23,4/22/2021 21:45,consanguinea,30,32,12,0.01152,small,1,1,0,0,yes,2,173.6111111,aburquiz_UCSDOnline,-117.2180131,32.85523874
42,4/22/2021 22:16,consanguinea,32,24,15,0.01152,small,1,0,0,0,no,1,86.80555556,aburquiz_UCSDOnline,-117.2185628,32.85535288
559,5/14/2021 23:39,consanguinea,37,18,18,0.011988,small,0,0,0,0,yes,0,0,pbonebra_UCSDOnline,-117.2455306,32.88820458
418,5/7/2021 2:24,pilularis,6,41,49,0.012054,small,0,0,0,0,no,0,0,nmorrow_UCSDOnline,-117.2437007,32.87848018
197,4/26/2021 22:45,consanguinea,37,24,14,0.012432,small,0,0,0,0,yes,0,0,s1lippma_UCSDOnline,-117.2217763,32.85729995
120,4/23/2021 23:41,consanguinea,13,48,20,0.01248,small,0,0,0,0,no,0,0,jalpizar_UCSDOnline,-117.2426397,32.886872
538,5/14/2021 20:39,pilularis,6,44,48,0.012672,small,3,0,0,0,yes,3,236.7424242,nmorrow_UCSDOnline,-117.2436916,32.87854807
421,5/7/2021 2:28,pilularis,6,41,52,0.012792,small,0,0,0,0,no,0,0,nmorrow_UCSDOnline,-117.2436582,32.87841245
282,4/30/2021 21:14,pilularis,10,31,42,0.01302,small,0,1,0,0,yes,1,76.80491551,jalpizar_UCSDOnline,-117.2399733,32.87992274
192,4/26/2021 23:51,consanguinea,40,22,15,0.0132,small,0,0,0,0,no,0,0,aburquiz_UCSDOnline,-117.2200776,32.85724824
116,4/23/2021 22:59,consanguinea,35,20,19,0.0133,small,0,0,0,0,no,0,0,jalpizar_UCSDOnline,-117.2431014,32.87564162
145,4/24/2021 2:47,consanguinea,29,20,23,0.01334,small,1,0,0,0,no,1,74.96251874,ethomsen_UCSDOnline,-117.2409553,32.87506999
375,5/5/2021 1:42,consanguinea,28,27,19,0.014364,small,0,1,0,0,yes,1,69.61849067,aburquiz_UCSDOnline,-117.2215218,32.85603863
284,4/30/2021 21:24,consanguinea,33,19,23,0.014421,small,0,0,0,0,no,0,0,jalpizar_UCSDOnline,-117.2372913,32.88172312
414,5/7/2021 2:19,pilularis,16,42,22,0.014784,small,0,0,0,0,no,0,0,nmorrow_UCSDOnline,-117.2437207,32.8785518
419,5/7/2021 2:26,pilularis,8,44,42,0.014784,small,0,0,0,0,no,0,0,nmorrow_UCSDOnline,-117.2436712,32.87844988
274,4/30/2021 17:06,consanguinea,50,20,15,0.015,small,1,0,0,0,no,1,66.66666667,pdan_UCSDOnline,-117.2379984,32.88135794
73,4/23/2021 0:01,consanguinea,62,21,12,0.015624,small,4,0,0,0,no,4,256.016385,ncirrito_UCSDOnline,-117.2448849,32.86942844
422,5/7/2021 2:30,pilularis,9,28,63,0.015876,small,0,0,0,0,yes,0,0,nmorrow_UCSDOnline,-117.2436767,32.87841065
415,5/7/2021 2:20,pilularis,9,68,26,0.015912,small,0,0,0,0,yes,0,0,nmorrow_UCSDOnline,-117.2436796,32.87851433
423,5/7/2021 2:31,pilularis,8,34,60,0.01632,small,0,0,0,0,yes,0,0,nmorrow_UCSDOnline,-117.2438107,32.87854652
586,5/15/2021 2:36,consanguinea,42,19,21,0.016758,small,5,11,0,0,no,16,954.7678721,ldr002_UCSDOnline,-117.2194386,32.84613274
199,4/26/2021 22:56,consanguinea,25,28,24,0.0168,small,0,0,0,0,no,0,0,s1lippma_UCSDOnline,-117.221019,32.85784833
427,5/7/2021 2:36,pilularis,8,38,56,0.017024,small,0,0,0,0,no,0,0,nmorrow_UCSDOnline,-117.2436922,32.87836027
528,5/14/2021 4:09,pilularis,46,21,18,0.017388,small,3,3,2,0,no,8,460.0874166,j3swanso_UCSDOnline,-117.2298873,32.854368
194,4/26/2021 22:29,consanguinea,42,26,16,0.017472,small,3,0,0,0,no,3,171.7032967,s1lippma_UCSDOnline,-117.221537,32.85738091
314,5/1/2021 0:09,consanguinea,34,22,24,0.017952,small,1,0,0,0,no,1,55.70409982,nmorrow_UCSDOnline,-117.2362113,32.88107928
236,4/30/2021 18:28,consanguinea,60,20,15,0.018,small,0,2,3,1,no,6,333.3333333,pbonebra_UCSDOnline,-117.2334574,32.88424831
54,4/22/2021 22:23,consanguinea,36,22,23,0.018216,small,5,2,0,0,no,7,384.2775582,s1lippma_UCSDOnline,-117.2186824,32.8553965
469,5/8/2021 2:09,consanguinea,32,19,30,0.01824,small,0,0,0,0,no,0,0,jalpizar_UCSDOnline,-117.2361487,32.88110848
52,4/22/2021 22:57,consanguinea,34,27,20,0.01836,small,0,0,0,0,yes,0,0,aburquiz_UCSDOnline,-117.2204168,32.85780982
561,5/14/2021 23:46,consanguinea,37,20,25,0.0185,small,1,0,0,0,no,1,54.05405405,pbonebra_UCSDOnline,-117.2490282,32.88924798
294,4/30/2021 22:28,consanguinea,55,20,17,0.0187,small,0,0,0,0,no,0,0,jalpizar_UCSDOnline,-117.2360053,32.88125292
537,5/14/2021 20:38,pilularis,13,56,26,0.018928,small,0,0,0,0,yes,0,0,nmorrow_UCSDOnline,-117.2436834,32.87863826
381,5/5/2021 2:04,consanguinea,27,36,20,0.01944,small,0,0,0,0,no,0,0,aburquiz_UCSDOnline,-117.2229339,32.85537965
420,5/7/2021 2:27,pilularis,8,45,55,0.0198,small,0,0,0,0,yes,0,0,nmorrow_UCSDOnline,-117.2436622,32.87837377
74,4/23/2021 0:03,consanguinea,50,20,20,0.02,small,4,1,0,0,no,5,250,pbonebra_UCSDOnline,-117.2448694,32.86948294
457,5/8/2021 0:10,pilularis,29,41,17,0.020213,small,2,1,0,0,yes,3,148.4193341,j3swanso_UCSDOnline,-117.2176224,32.85511424
77,4/23/2021 0:11,consanguinea,42,23,21,0.020286,small,1,5,0,0,no,6,295.7704821,ncirrito_UCSDOnline,-117.2439353,32.86965705
317,5/1/2021 2:17,pilularis,14,44,33,0.020328,small,11,1,0,0,no,12,590.3187721,ethomsen_UCSDOnline,-117.2427589,32.87628719
524,5/14/2021 3:48,pilularis,34,29,21,0.020706,small,1,4,0,0,no,5,241.4759007,j3swanso_UCSDOnline,-117.2296438,32.85444704
56,4/22/2021 22:34,consanguinea,43,23,21,0.020769,small,1,3,0,0,yes,4,192.5947325,s1lippma_UCSDOnline,-117.2197231,32.85546402
139,4/24/2021 1:56,consanguinea,27,37,21,0.020979,small,1,0,0,0,no,1,47.66671433,ethomsen_UCSDOnline,-117.2485005,32.87173356
535,5/14/2021 20:35,pilularis,9,52,45,0.02106,small,0,0,0,0,yes,0,0,nmorrow_UCSDOnline,-117.2436599,32.87856496
235,4/30/2021 18:25,consanguinea,60,20,18,0.0216,small,0,0,0,0,no,0,0,pbonebra_UCSDOnline,-117.2335618,32.88421451
184,4/26/2021 23:06,consanguinea,26,24,35,0.02184,small,0,0,0,0,no,0,0,aburquiz_UCSDOnline,-117.2202192,32.85840187
572,5/15/2021 2:12,consanguinea,47,18,26,0.021996,small,0,0,0,0,no,0,0,ldr002_UCSDOnline,-117.2203747,32.84616115
564,5/14/2021 23:50,consanguinea,50,23,20,0.023,small,0,2,0,0,no,2,86.95652174,pbonebra_UCSDOnline,-117.2488898,32.88920241
176,4/26/2021 22:24,consanguinea,35,29,23,0.023345,small,1,2,0,0,no,3,128.507175,aburquiz_UCSDOnline,-117.2216244,32.85742488
437,5/7/2021 23:15,consanguinea,29,28,29,0.023548,small,0,0,0,0,no,0,0,evzhou_UCSDOnline,-117.2363834,32.88133437
254,4/30/2021 20:01,consanguinea,33,18,40,0.02376,small,2,0,0,0,no,2,84.17508418,ldr002_UCSDOnline,-117.2389369,32.88459482
379,5/5/2021 2:00,consanguinea,26,30,31,0.02418,small,1,0,0,0,no,1,41.35649297,aburquiz_UCSDOnline,-117.222524,32.85556696
212,4/30/2021 0:36,consanguinea,32,23,33,0.024288,small,1,0,0,0,no,1,41.17259552,mhibler_UCSDOnline,-117.2185674,32.85868887
571,5/15/2021 2:11,consanguinea,65,22,17,0.02431,small,8,4,0,0,no,12,493.624023,ldr002_UCSDOnline,-117.2203802,32.84618332
207,4/26/2021 23:41,consanguinea,36,31,22,0.024552,small,1,0,0,0,no,1,40.72987944,s1lippma_UCSDOnline,-117.2211267,32.85688496
478,5/8/2021 2:24,consanguinea,43,29,20,0.02494,small,0,0,0,0,no,0,0,jalpizar_UCSDOnline,-117.2372039,32.88025348
495,5/12/2021 0:50,consanguinea,52,25,20,0.026,small,1,3,0,0,no,4,153.8461538,s1lippma_UCSDOnline,-117.228072,32.85509605
493,5/12/2021 0:41,consanguinea,42,31,20,0.02604,small,6,1,0,0,no,7,268.8172043,s1lippma_UCSDOnline,-117.2280618,32.85526302
271,4/30/2021 16:41,consanguinea,70,25,15,0.02625,small,1,0,0,0,no,1,38.0952381,pdan_UCSDOnline,-117.2366968,32.8814536
303,4/30/2021 23:46,consanguinea,46,20,29,0.02668,small,0,0,0,0,no,0,0,evzhou_UCSDOnline,-117.2367506,32.88150992
289,4/30/2021 23:15,consanguinea,28,30,32,0.02688,small,0,0,0,0,no,0,0,evzhou_UCSDOnline,-117.236053,32.88127266
539,5/14/2021 20:40,pilularis,9,62,50,0.0279,small,1,0,0,0,yes,1,35.84229391,nmorrow_UCSDOnline,-117.2437402,32.87853969
92,4/23/2021 18:16,pilularis,25,40,28,0.028,small,0,0,0,0,yes,0,0,nmorrow_UCSDOnline,-117.23996,32.87999814
201,4/26/2021 23:02,consanguinea,35,33,25,0.028875,small,0,0,0,0,no,0,0,s1lippma_UCSDOnline,-117.2208615,32.85790478
114,4/23/2021 22:17,consanguinea,19,80,19,0.02888,small,0,0,0,0,no,0,0,jalpizar_UCSDOnline,-117.2411195,32.87601765
137,4/24/2021 1:55,,34,32,27,0.029376,small,1,6,0,0,no,7,238.2897603,ethomsen_UCSDOnline,-117.2485482,32.87176744
474,5/8/2021 2:16,consanguinea,23,46,28,0.029624,small,0,0,0,0,no,0,0,jalpizar_UCSDOnline,-117.2362472,32.88111812
84,4/23/2021 0:59,consanguinea,50,20,30,0.03,small,2,1,0,0,no,3,100,pbonebra_UCSDOnline,-117.2471575,32.86767202
124,4/24/2021 0:10,consanguinea,30,36,28,0.03024,small,0,0,0,0,no,0,0,jalpizar_UCSDOnline,-117.2385332,32.88246939
383,5/5/2021 1:28,consanguinea,33,34,27,0.030294,small,1,0,0,0,yes,1,33.00983693,s1lippma_UCSDOnline,-117.2210372,32.85601416
593,5/15/2021 2:48,consanguinea,44,30,23,0.03036,small,4,11,0,0,no,15,494.0711462,ldr002_UCSDOnline,-117.219198,32.84567655
540,5/14/2021 20:42,pilularis,16,40,49,0.03136,small,0,0,0,0,no,0,0,nmorrow_UCSDOnline,-117.2437538,32.87845558
567,5/14/2021 23:52,consanguinea,30,30,35,0.0315,small,1,0,1,0,no,2,63.49206349,pbonebra_UCSDOnline,-117.2489157,32.88914367
554,5/14/2021 23:30,pilularis,22,41,35,0.03157,small,0,0,0,0,no,0,0,evzhou_UCSDOnline,-117.236541,32.88120467
46,4/22/2021 22:19,consanguinea,44,26,28,0.032032,small,1,1,0,0,no,2,62.43756244,aburquiz_UCSDOnline,-117.2186532,32.85539106
123,4/23/2021 23:57,pilularis,15,42,51,0.03213,small,0,0,0,0,no,0,0,jalpizar_UCSDOnline,-117.2408184,32.88670665
198,4/26/2021 22:53,consanguinea,32,42,24,0.032256,small,0,1,0,0,no,1,31.00198413,s1lippma_UCSDOnline,-117.2210486,32.8578801
81,4/23/2021 1:03,consanguinea,70,28,17,0.03332,small,2,0,0,0,no,2,60.0240096,ncirrito_UCSDOnline,-117.2450866,32.86957547
177,4/26/2021 22:30,consanguinea,38,39,23,0.034086,small,0,0,0,0,no,0,0,aburquiz_UCSDOnline,-117.2213836,32.85750412
536,5/14/2021 20:36,pilularis,9,76,51,0.034884,small,0,0,0,0,no,0,0,nmorrow_UCSDOnline,-117.2437157,32.8785914
498,5/12/2021 1:01,consanguinea,37,36,27,0.035964,small,0,1,0,0,no,1,27.80558336,s1lippma_UCSDOnline,-117.2284834,32.85490989
534,5/14/2021 20:33,pilularis,11,73,45,0.036135,small,1,0,0,0,no,1,27.67400028,nmorrow_UCSDOnline,-117.2436669,32.87860922
334,5/1/2021 16:42,consanguinea,153,20,12,0.03672,small,0,0,0,0,no,0,0,ncirrito_UCSDOnline,-117.2402651,32.87140305
68,4/22/2021 23:41,consanguinea,97,16,24,0.037248,small,1,1,0,0,no,2,53.69415808,pbonebra_UCSDOnline,-117.2460392,32.87011998
494,5/12/2021 0:47,consanguinea,86,34,13,0.038012,small,1,0,3,0,yes,4,105.2299274,s1lippma_UCSDOnline,-117.2280696,32.85509756
76,4/23/2021 0:05,consanguinea,64,30,20,0.0384,small,3,14,0,0,no,17,442.7083333,pbonebra_UCSDOnline,-117.2445008,32.8695166
555,5/14/2021 23:34,consanguinea,40,35,28,0.0392,small,0,10,0,0,no,10,255.1020408,pbonebra_UCSDOnline,-117.2454917,32.88818163
281,4/30/2021 21:12,consanguinea,28,44,32,0.039424,small,0,0,0,0,no,0,0,jalpizar_UCSDOnline,-117.2400213,32.87980798
410,5/7/2021 0:53,consanguinea,57,24,29,0.039672,small,1,1,11,0,no,13,327.6870337,mhibler_UCSDOnline,-117.2127204,32.86138591
306,4/30/2021 23:53,consanguinea,54,33,24,0.042768,small,0,0,0,0,no,0,0,jalpizar_UCSDOnline,-117.2362802,32.88135054
467,5/8/2021 2:06,consanguinea,60,30,24,0.0432,small,0,0,0,0,no,0,0,jalpizar_UCSDOnline,-117.2361113,32.88109353
532,5/14/2021 4:24,pilularis,64,23,30,0.04416,small,2,4,0,0,no,6,135.8695652,j3swanso_UCSDOnline,-117.2294273,32.85465872
541,5/14/2021 20:43,pilularis,15,51,58,0.04437,small,0,0,0,0,yes,0,0,nmorrow_UCSDOnline,-117.2437358,32.87848315
27,4/22/2021 21:52,consanguinea,30,50,30,0.045,small,5,4,0,0,no,9,200,s1lippma_UCSDOnline,-117.217991,32.85519047
396,5/6/2021 21:18,pilularis,12,67,56,0.045024,small,11,5,0,4,yes,20,444.2075338,ethomsen_UCSDOnline,-117.2435834,32.87658812
186,4/26/2021 23:24,consanguinea,37,34,36,0.045288,small,1,0,0,1,yes,2,44.16180887,aburquiz_UCSDOnline,-117.2187413,32.8585789
66,4/22/2021 23:38,consanguinea,77,30,20,0.0462,small,0,2,0,0,no,2,43.29004329,pbonebra_UCSDOnline,-117.2462907,32.87016408
472,5/8/2021 2:13,consanguinea,39,41,29,0.046371,small,0,0,0,0,no,0,0,jalpizar_UCSDOnline,-117.2361641,32.88116705
216,4/30/2021 1:00,consanguinea,63,25,30,0.04725,small,3,5,0,0,no,8,169.3121693,mhibler_UCSDOnline,-117.221033,32.85785562
490,5/12/2021 1:02,consanguinea,47,38,27,0.048222,small,0,0,0,0,no,0,0,aburquiz_UCSDOnline,-117.2285502,32.85489493
322,5/1/2021 2:31,pilularis,7,75,93,0.048825,small,0,0,0,0,no,0,0,ethomsen_UCSDOnline,-117.2422537,32.87620072
471,5/8/2021 2:12,consanguinea,53,32,29,0.049184,small,0,0,0,0,no,0,0,jalpizar_UCSDOnline,-117.2362363,32.88111815
115,4/23/2021 22:56,consanguinea,48,30,35,0.0504,small,0,0,0,0,no,0,0,jalpizar_UCSDOnline,-117.2429537,32.87563899
581,5/15/2021 2:29,consanguinea,40,43,30,0.0516,small,0,0,0,0,no,0,0,ldr002_UCSDOnline,-117.2194349,32.84632829
312,5/1/2021 0:01,pilularis,33,44,37,0.053724,small,0,0,0,0,no,0,0,nmorrow_UCSDOnline,-117.2362176,32.88115044
51,4/22/2021 22:53,consanguinea,49,41,27,0.054243,small,0,0,0,0,no,0,0,aburquiz_UCSDOnline,-117.220723,32.85644046
178,4/26/2021 22:34,consanguinea,50,31,36,0.0558,small,0,0,0,0,yes,0,0,aburquiz_UCSDOnline,-117.2213814,32.85756182
189,4/26/2021 23:40,consanguinea,46,42,29,0.056028,small,1,0,1,0,no,2,35.6964375,aburquiz_UCSDOnline,-117.220936,32.8587022
579,5/15/2021 2:24,consanguinea,67,39,22,0.057486,small,2,1,10,0,no,13,226.1420172,ldr002_UCSDOnline,-117.2197535,32.84644714
486,5/12/2021 0:47,consanguinea,49,37,32,0.058016,small,0,0,2,0,yes,2,34.47324876,aburquiz_UCSDOnline,-117.2280554,32.85509727
205,4/26/2021 23:28,consanguinea,48,38,32,0.058368,small,0,0,0,0,no,0,0,s1lippma_UCSDOnline,-117.2187729,32.85853154
371,5/5/2021 1:26,consanguinea,19,67,46,0.058558,small,0,0,2,0,no,2,34.15417193,aburquiz_UCSDOnline,-117.2210419,32.8561457
484,5/12/2021 0:37,consanguinea,46,35,37,0.05957,small,7,1,0,0,no,8,134.2957865,aburquiz_UCSDOnline,-117.228301,32.85543976
408,5/7/2021 0:41,consanguinea,60,48,21,0.06048,small,1,0,0,0,no,1,16.53439153,mhibler_UCSDOnline,-117.2138645,32.86062999
311,4/30/2021 23:59,pilularis,42,38,39,0.062244,small,2,0,0,0,no,2,32.13161108,nmorrow_UCSDOnline,-117.2360635,32.88088524
516,5/14/2021 0:40,consanguinea,40,52,30,0.0624,small,0,0,0,0,no,0,0,ncirrito_UCSDOnline,-117.2382667,32.88238291
321,5/1/2021 2:27,pilularis,13,74,65,0.06253,small,16,3,0,0,no,19,303.85415,ethomsen_UCSDOnline,-117.2425598,32.87618959
588,5/15/2021 2:39,consanguinea,76,33,25,0.0627,small,2,0,0,0,no,2,31.89792663,ldr002_UCSDOnline,-117.2192034,32.8459371
232,4/30/2021 17:57,consanguinea,57,40,28,0.06384,small,0,0,0,0,no,0,0,kas063_UCSDOnline,-117.238384,32.88240578
470,5/8/2021 2:11,consanguinea,42,38,40,0.06384,small,0,0,0,0,no,0,0,jalpizar_UCSDOnline,-117.2361775,32.88115354
542,5/14/2021 22:47,consanguinea,50,43,30,0.0645,small,0,0,0,0,no,0,0,evzhou_UCSDOnline,-117.2362528,32.88131598
50,4/22/2021 22:49,consanguinea,38,42,41,0.065436,small,6,1,0,0,no,7,106.974754,aburquiz_UCSDOnline,-117.2204667,32.85639114
385,5/5/2021 1:34,consanguinea,52,49,26,0.066248,small,0,0,0,0,no,0,0,s1lippma_UCSDOnline,-117.2213982,32.8562394
121,4/23/2021 23:51,pilularis,16,60,72,0.06912,small,1,1,0,0,yes,2,28.93518519,jalpizar_UCSDOnline,-117.240786,32.88624015
146,4/24/2021 2:49,consanguinea,45,47,33,0.069795,small,5,0,0,0,no,5,71.63836951,ethomsen_UCSDOnline,-117.2409368,32.87506898
487,5/12/2021 0:50,consanguinea,61,37,32,0.072224,small,2,1,0,0,yes,3,41.53743908,aburquiz_UCSDOnline,-117.228032,32.85509743
253,4/30/2021 19:59,pilularis,67,40,27,0.07236,small,0,0,0,0,no,0,0,ldr002_UCSDOnline,-117.2388227,32.88469993
342,5/1/2021 16:58,consanguinea,44,56,30,0.07392,small,0,0,0,0,no,0,0,ncirrito_UCSDOnline,-117.2402871,32.87129887
398,5/6/2021 21:27,pilularis,7,126,84,0.074088,small,1,8,0,0,yes,9,121.4771623,ethomsen_UCSDOnline,-117.2435983,32.87654759
499,5/12/2021 1:05,consanguinea,57,42,31,0.074214,small,0,5,6,0,no,11,148.2200124,s1lippma_UCSDOnline,-117.2287589,32.8548184
565,5/14/2021 23:50,consanguinea,62,20,60,0.0744,small,0,2,0,0,no,2,26.88172043,pbonebra_UCSDOnline,-117.2488753,32.88913237
550,5/14/2021 23:15,pilularis,21,81,44,0.074844,small,0,0,0,0,no,0,0,evzhou_UCSDOnline,-117.2367714,32.88152354
556,5/14/2021 23:36,consanguinea,45,40,42,0.0756,small,2,1,0,1,no,4,52.91005291,pbonebra_UCSDOnline,-117.2454544,32.88822047
190,4/26/2021 23:45,consanguinea,62,52,24,0.077376,small,0,4,0,0,no,4,51.69561621,aburquiz_UCSDOnline,-117.2219746,32.85747742
320,5/1/2021 2:24,pilularis,11,86,82,0.077572,small,2,0,0,0,no,2,25.78249884,ethomsen_UCSDOnline,-117.2426445,32.87620068
119,4/23/2021 23:39,pilularis,20,75,52,0.078,small,0,0,0,0,no,0,0,jalpizar_UCSDOnline,-117.2426821,32.88702097
562,5/14/2021 23:47,consanguinea,35,50,45,0.07875,small,7,4,3,0,yes,14,177.7777778,pbonebra_UCSDOnline,-117.2490617,32.88914305
411,5/7/2021 0:58,consanguinea,82,42,24,0.082656,small,3,2,0,0,yes,5,60.49167635,mhibler_UCSDOnline,-117.2124229,32.8613583
32,4/22/2021 22:03,consanguinea,58,32,45,0.08352,small,0,2,0,0,no,2,23.94636015,mhibler_UCSDOnline,-117.2184843,32.8589793
575,5/15/2021 2:19,consanguinea,75,49,23,0.084525,small,8,11,0,0,no,19,224.7855664,ldr002_UCSDOnline,-117.2199714,32.84630406
90,4/23/2021 18:14,pilularis,26,82,40,0.08528,small,4,0,0,0,no,4,46.9043152,nmorrow_UCSDOnline,-117.2399148,32.88001117
523,5/14/2021 3:44,pilularis,66,38,35,0.08778,small,10,5,0,1,no,16,182.2738665,j3swanso_UCSDOnline,-117.229662,32.85446523
390,5/5/2021 1:59,consanguinea,38,58,40,0.08816,small,3,4,0,0,no,7,79.40108893,s1lippma_UCSDOnline,-117.2227631,32.8554734
473,5/8/2021 2:14,consanguinea,52,63,27,0.088452,small,0,0,0,0,no,0,0,jalpizar_UCSDOnline,-117.2362456,32.88114232
80,4/23/2021 0:41,consanguinea,60,50,30,0.09,small,1,0,0,0,no,1,11.11111111,pbonebra_UCSDOnline,-117.2472037,32.86800848
496,5/12/2021 0:54,consanguinea,80,42,27,0.09072,small,0,2,1,0,no,3,33.06878307,s1lippma_UCSDOnline,-117.2283835,32.85504295
319,5/1/2021 2:21,pilularis,6,135,113,0.09153,small,6,0,0,0,no,6,65.55227794,ethomsen_UCSDOnline,-117.2427362,32.87624751
256,4/30/2021 20:06,pilularis,73,38,33,0.091542,small,0,0,0,0,no,0,0,ldr002_UCSDOnline,-117.2389676,32.88469967
503,5/12/2021 22:01,consanguinea,62,48,31,0.092256,small,0,0,0,0,yes,0,0,mhibler_UCSDOnline,-117.236234,32.88106444
557,5/14/2021 23:38,consanguinea,55,40,43,0.0946,small,0,0,0,0,yes,0,0,pbonebra_UCSDOnline,-117.2454494,32.88821163
502,5/12/2021 21:59,consanguinea,55,54,32,0.09504,small,1,0,0,0,yes,1,10.52188552,mhibler_UCSDOnline,-117.236234,32.88106444
240,4/30/2021 18:35,consanguinea,75,40,32,0.096,small,0,4,4,0,no,8,83.33333333,pbonebra_UCSDOnline,-117.2324758,32.88497846
468,5/8/2021 2:08,consanguinea,51,53,36,0.097308,small,0,0,0,0,no,0,0,jalpizar_UCSDOnline,-117.2362143,32.88106842
488,5/12/2021 0:54,consanguinea,90,32,34,0.09792,small,0,0,2,0,no,2,20.4248366,aburquiz_UCSDOnline,-117.2295938,32.85462415
262,4/30/2021 20:35,consanguinea,50,50,40,0.1,small,1,0,0,0,no,1,10,ncirrito_UCSDOnline,-117.2404047,32.87151713
489,5/12/2021 0:58,consanguinea,72,53,27,0.103032,small,0,5,0,0,no,5,48.52861247,aburquiz_UCSDOnline,-117.2284812,32.8549632
464,5/8/2021 0:44,pilularis,73,65,22,0.10439,small,1,2,0,0,no,3,28.7383849,j3swanso_UCSDOnline,-117.2188468,32.85537324
138,4/24/2021 1:55,consanguinea,79,35,38,0.10507,small,0,0,0,0,no,0,0,ldr002_UCSDOnline,-117.245467,32.86933711
140,4/24/2021 1:59,pilularis,78,35,40,0.1092,small,0,3,0,0,no,3,27.47252747,ldr002_UCSDOnline,-117.2456618,32.86925518
230,4/30/2021 17:44,consanguinea,71,57,27,0.109269,small,1,0,0,6,no,7,64.06208531,kas063_UCSDOnline,-117.2382531,32.88245517
560,5/14/2021 23:40,consanguinea,85,30,43,0.10965,small,5,2,1,0,no,8,72.95941632,pbonebra_UCSDOnline,-117.245457,32.88820479
53,4/22/2021 23:13,consanguinea,155,36,20,0.1116,small,1,3,0,0,no,4,35.84229391,ncirrito_UCSDOnline,-117.2468521,32.87074551
58,4/22/2021 22:43,consanguinea,40,61,46,0.11224,small,0,1,0,0,no,1,8.909479686,s1lippma_UCSDOnline,-117.2202761,32.85599472
179,4/26/2021 22:37,consanguinea,53,46,47,0.114586,small,0,0,0,0,no,0,0,aburquiz_UCSDOnline,-117.2214061,32.85747401
79,4/23/2021 0:40,consanguinea,70,55,30,0.1155,small,1,0,0,0,no,1,8.658008658,ncirrito_UCSDOnline,-117.2472024,32.8681238
293,4/30/2021 23:31,pilularis,60,41,47,0.11562,small,0,0,0,0,no,0,0,evzhou_UCSDOnline,-117.2366615,32.88144873
558,5/14/2021 23:38,consanguinea,60,43,45,0.1161,small,9,2,0,0,no,11,94.7459087,pbonebra_UCSDOnline,-117.2454978,32.88818944
245,4/30/2021 18:40,consanguinea,70,37,45,0.11655,small,1,2,0,0,no,3,25.74002574,pbonebra_UCSDOnline,-117.2323427,32.88494972
348,5/1/2021 23:19,pilularis,63,81,23,0.117369,small,1,0,0,0,no,1,8.520137345,j3swanso_UCSDOnline,-117.2301154,32.88220581
518,5/14/2021 0:52,consanguinea,140,30,28,0.1176,small,0,2,0,2,no,4,34.01360544,ncirrito_UCSDOnline,-117.2385531,32.88247895
389,5/5/2021 1:54,consanguinea,75,44,36,0.1188,small,0,0,0,0,no,0,0,s1lippma_UCSDOnline,-117.2223624,32.85553128
378,5/5/2021 1:56,consanguinea,42,66,43,0.119196,small,4,2,0,0,no,6,50.33725964,aburquiz_UCSDOnline,-117.2225052,32.85560403
210,4/30/2021 0:27,consanguinea,79,48,32,0.121344,small,0,2,10,0,no,12,98.89240506,mhibler_UCSDOnline,-117.2184081,32.8588472
324,5/1/2021 2:38,pilularis,13,110,86,0.12298,small,0,0,0,0,no,0,0,ethomsen_UCSDOnline,-117.2421211,32.87631228
355,5/2/2021 0:04,pilularis,81,109,14,0.123606,small,2,1,0,1,yes,4,32.36088863,j3swanso_UCSDOnline,-117.2304504,32.88151153
147,4/24/2021 2:53,consanguinea,51,54,45,0.12393,small,16,2,0,0,no,18,145.2432825,ethomsen_UCSDOnline,-117.2409904,32.87508557
525,5/14/2021 3:52,pilularis,77,46,35,0.12397,small,3,5,8,0,no,16,129.0634831,j3swanso_UCSDOnline,-117.2296791,32.85442344
94,4/23/2021 18:21,pilularis,26,64,75,0.1248,small,1,0,0,0,no,1,8.012820513,nmorrow_UCSDOnline,-117.240069,32.87986374
142,4/24/2021 2:37,pilularis,13,89,108,0.124956,small,0,0,0,0,no,0,0,ethomsen_UCSDOnline,-117.2408991,32.8750794
440,5/7/2021 23:24,pilularis,34,103,36,0.126072,small,0,0,0,0,no,0,0,evzhou_UCSDOnline,-117.2365524,32.88142441
372,5/5/2021 1:32,consanguinea,55,45,51,0.126225,small,0,1,0,0,no,1,7.922360864,aburquiz_UCSDOnline,-117.221308,32.85616326
399,5/6/2021 21:29,pilularis,9,125,114,0.12825,small,23,11,0,0,yes,34,265.1072125,ethomsen_UCSDOnline,-117.2436511,32.87649188
531,5/14/2021 4:18,pilularis,95,80,17,0.1292,small,6,4,0,1,no,11,85.13931889,j3swanso_UCSDOnline,-117.229897,32.8544177
218,4/30/2021 1:11,consanguinea,78,43,39,0.130806,small,1,3,3,0,yes,7,53.51436478,mhibler_UCSDOnline,-117.2215732,32.85736805
252,4/30/2021 19:57,consanguinea,94,44,32,0.132352,small,4,3,0,0,no,7,52.88926499,ldr002_UCSDOnline,-117.2387136,32.88474075
326,5/1/2021 2:42,pilularis,19,69,101,0.132411,small,0,0,0,0,no,0,0,ethomsen_UCSDOnline,-117.2421526,32.87630911
241,4/30/2021 18:36,consanguinea,130,30,34,0.1326,small,0,0,3,0,no,3,22.62443439,pbonebra_UCSDOnline,-117.2324138,32.8849157
55,4/22/2021 22:31,consanguinea,45,63,47,0.133245,small,2,3,0,0,no,5,37.52486022,s1lippma_UCSDOnline,-117.2180976,32.85558257
325,5/1/2021 2:40,pilularis,16,78,108,0.134784,small,2,0,0,0,no,2,14.83855651,ethomsen_UCSDOnline,-117.2421867,32.87629392
105,4/23/2021 21:08,consanguinea,47,39,74,0.135642,small,9,0,0,0,no,9,66.35113018,evzhou_UCSDOnline,-117.2403334,32.8714298
578,5/15/2021 2:23,consanguinea,48,45,63,0.13608,small,1,0,0,0,no,1,7.34861846,ldr002_UCSDOnline,-117.219746,32.8463751
357,5/4/2021 21:23,consanguinea,60,77,30,0.1386,small,1,9,0,0,no,10,72.15007215,pdan_UCSDOnline,-117.2073962,32.86456469
452,5/8/2021 0:10,consanguinea,50,50,56,0.14,small,2,0,0,0,no,2,14.28571429,pbonebra_UCSDOnline,-117.2460132,32.91422306
476,5/8/2021 2:19,consanguinea,44,76,42,0.140448,small,0,0,0,0,no,0,0,jalpizar_UCSDOnline,-117.236305,32.88108549
35,4/22/2021 22:07,consanguinea,68,37,57,0.143412,small,6,18,0,0,no,24,167.3500126,aburquiz_UCSDOnline,-117.2181213,32.85529381
217,4/30/2021 1:08,consanguinea,47,64,48,0.144384,small,5,5,0,0,no,10,69.25975177,mhibler_UCSDOnline,-117.2215439,32.85743971
181,4/26/2021 22:50,consanguinea,70,43,50,0.1505,small,2,0,0,0,yes,2,13.28903654,aburquiz_UCSDOnline,-117.2216702,32.85739349
87,4/23/2021 18:08,pilularis,39,108,37,0.155844,small,4,0,0,0,yes,4,25.66669233,nmorrow_UCSDOnline,-117.2399349,32.87994688
171,4/26/2021 0:02,pilularis,56.6,54.2,51.1,0.156760492,small,1,3,0,1,no,5,31.8957917,j3swanso_UCSDOnline,-117.2453235,32.8693543
89,4/23/2021 18:12,consanguinea,51,77,40,0.15708,small,6,0,0,0,no,6,38.19709702,nmorrow_UCSDOnline,-117.2399357,32.88002672
316,5/1/2021 2:15,pilularis,14,102,110,0.15708,small,8,1,0,0,no,9,57.29564553,ethomsen_UCSDOnline,-117.2427079,32.87602209
95,4/23/2021 18:22,pilularis,38,73,57,0.158118,small,1,0,0,0,no,1,6.324390645,nmorrow_UCSDOnline,-117.2399848,32.87987752
227,4/30/2021 17:27,consanguinea,60,64,42,0.16128,small,0,0,0,0,yes,0,0,kas063_UCSDOnline,-117.2379275,32.8812726
395,5/6/2021 21:14,pilularis,14,105,113,0.16611,small,38,16,0,0,yes,54,325.0857865,ethomsen_UCSDOnline,-117.2435533,32.87656396
188,4/26/2021 23:37,consanguinea,54,62,50,0.1674,small,0,0,0,0,yes,0,0,aburquiz_UCSDOnline,-117.2214106,32.85740536
400,5/7/2021 0:02,consanguinea,78,45,48,0.16848,small,2,0,0,0,no,2,11.8708452,mhibler_UCSDOnline,-117.217775,32.85967768
492,5/12/2021 0:37,consanguinea,60,66,43,0.17028,small,0,1,1,0,no,2,11.74536058,s1lippma_UCSDOnline,-117.2278989,32.85517463
436,5/7/2021 23:11,consanguinea,75,60,38,0.171,small,0,0,0,0,no,0,0,evzhou_UCSDOnline,-117.2363311,32.88130955
566,5/14/2021 23:51,consanguinea,70,50,50,0.175,small,1,0,0,0,no,1,5.714285714,pbonebra_UCSDOnline,-117.2489245,32.88914611
438,5/7/2021 23:18,consanguinea,70,63,40,0.1764,small,0,0,0,0,no,0,0,evzhou_UCSDOnline,-117.2365364,32.88138413
20,4/22/2021 21:28,,70,43,60,0.1806,small,0,1,0,0,no,1,5.53709856,mhibler_UCSDOnline,-117.215986,32.85961046
544,5/14/2021 22:53,consanguinea,131,45,31,0.182745,small,0,0,0,0,no,0,0,evzhou_UCSDOnline,-117.2365408,32.88138406
110,4/23/2021 21:27,consanguinea,109,45,38,0.18639,small,0,0,0,0,no,0,0,evzhou_UCSDOnline,-117.2402616,32.87127962
301,4/30/2021 23:42,consanguinea,72,62,42,0.187488,small,0,0,0,0,no,0,0,evzhou_UCSDOnline,-117.2371786,32.88172889
407,5/7/2021 0:38,consanguinea,82,51,45,0.18819,small,0,0,1,0,no,1,5.313778628,mhibler_UCSDOnline,-117.2138812,32.86050213
141,4/24/2021 2:02,consanguinea,102,53,35,0.18921,small,0,0,0,0,yes,0,0,ldr002_UCSDOnline,-117.2458612,32.86919504
353,5/1/2021 23:51,pilularis,65,71,41,0.189215,small,1,1,0,0,no,2,10.56998652,j3swanso_UCSDOnline,-117.2301936,32.88207643
373,5/5/2021 1:36,consanguinea,62,71,43,0.189286,small,0,0,0,0,no,0,0,aburquiz_UCSDOnline,-117.2206526,32.85843354
446,5/8/2021 0:06,consanguinea,75,55,46,0.18975,small,0,2,0,0,no,2,10.54018445,pbonebra_UCSDOnline,-117.245702,32.9136699
340,5/1/2021 16:52,consanguinea,130,50,30,0.195,small,0,1,0,0,no,1,5.128205128,ncirrito_UCSDOnline,-117.2402823,32.87120066
86,4/23/2021 18:06,pilularis,28,75,94,0.1974,small,5,0,0,0,yes,5,25.32928065,nmorrow_UCSDOnline,-117.2400004,32.88004525
133,4/24/2021 1:50,,69,46,63.5,0.201549,small,1,1,0,0,no,2,9.92314524,ldr002_UCSDOnline,-117.2453169,32.86940509
339,5/1/2021 16:50,consanguinea,68,60,50,0.204,small,0,1,3,0,yes,4,19.60784314,ncirrito_UCSDOnline,-117.2402714,32.87124004
122,4/23/2021 23:55,consanguinea,59,61,57,0.205143,small,0,0,0,0,no,0,0,jalpizar_UCSDOnline,-117.240873,32.88612765
71,4/22/2021 23:59,consanguinea,65,65,50,0.21125,small,2,0,0,0,no,2,9.467455621,pbonebra_UCSDOnline,-117.2462866,32.86982021
283,4/30/2021 21:15,pilularis,17,43,290,0.21199,small,0,2,0,0,no,2,9.434407283,jalpizar_UCSDOnline,-117.2399904,32.88000388
351,5/1/2021 23:38,pilularis,111,58,33,0.212454,small,2,4,4,0,yes,10,47.06901259,j3swanso_UCSDOnline,-117.230253,32.88202551
526,5/14/2021 3:56,pilularis,71,77,39,0.213213,small,2,3,1,0,no,6,28.14087321,j3swanso_UCSDOnline,-117.2296946,32.85441598
412,5/7/2021 1:00,consanguinea,99,72,30,0.21384,small,2,4,0,0,no,6,28.05836139,mhibler_UCSDOnline,-117.2124754,32.86144543
442,5/7/2021 23:31,consanguinea,87,60,41,0.21402,small,0,0,0,0,no,0,0,evzhou_UCSDOnline,-117.2366159,32.88153119
11,4/20/2021 21:01,consanguinea,135,40,40,0.216,small,0,2,0,0,no,2,9.259259259,pdan_UCSDOnline,-117.1986816,32.8661178
347,5/1/2021 23:15,pilularis,73,62,48,0.217248,small,1,2,0,0,no,3,13.80910296,j3swanso_UCSDOnline,-117.2302038,32.882189
172,4/26/2021 0:07,pilularis,72,62.4,48.5,0.2179008,small,3,3,1,0,no,7,32.12470996,j3swanso_UCSDOnline,-117.2452615,32.86938799
187,4/26/2021 23:28,consanguinea,79,45,62,0.22041,small,1,0,5,0,no,6,27.22199537,aburquiz_UCSDOnline,-117.2187811,32.85853361
269,4/30/2021 16:22,consanguinea,80,70,40,0.224,small,0,0,0,0,no,0,0,pdan_UCSDOnline,-117.2361481,32.88130562
592,5/15/2021 2:46,consanguinea,69,61,54,0.227286,small,3,1,0,0,no,4,17.59897222,ldr002_UCSDOnline,-117.219237,32.84560656
221,4/30/2021 1:22,consanguinea,72,66,48,0.228096,small,0,0,0,0,no,0,0,mhibler_UCSDOnline,-117.2218243,32.85739529
67,4/22/2021 23:40,consanguinea,106,54,40,0.22896,small,0,1,0,0,no,1,4.367575122,ncirrito_UCSDOnline,-117.245958,32.87007106
148,4/24/2021 2:41,pilularis,29,85,93,0.229245,small,0,0,0,0,no,0,0,ethomsen_UCSDOnline,-117.2422112,32.87540453
242,4/30/2021 18:37,consanguinea,78,50,60,0.234,small,0,0,2,0,no,2,8.547008547,pbonebra_UCSDOnline,-117.2321453,32.88490838
607,5/20/2021 1:41,pilularis,81,49,61,0.242109,small,1,2,0,0,no,3,12.39111309,j3swanso_UCSDOnline,-117.2295114,32.85422178
175,4/26/2021 0:23,pilularis,62,88.2,45.1,0.24662484,small,1,3,0,0,no,4,16.21896643,j3swanso_UCSDOnline,-117.2444943,32.86949432
576,5/15/2021 2:21,consanguinea,98,63,40,0.24696,small,9,0,0,0,no,9,36.44314869,ldr002_UCSDOnline,-117.2197467,32.84636957
384,5/5/2021 1:31,consanguinea,62,67,60,0.24924,small,0,3,0,0,no,3,12.03659124,s1lippma_UCSDOnline,-117.2210133,32.85591064
594,5/14/2021 21:53,consanguinea,80,70,45,0.252,small,13,0,0,0,no,13,51.58730159,pdan_UCSDOnline,-117.2250651,32.90146747
191,4/26/2021 23:48,consanguinea,70,68,53,0.25228,small,2,0,0,0,no,2,7.927699382,aburquiz_UCSDOnline,-117.2201184,32.85714714
520,5/14/2021 3:28,pilularis,86,60,49,0.25284,small,2,1,3,0,no,6,23.7304224,j3swanso_UCSDOnline,-117.2297459,32.85449943
455,5/8/2021 0:12,consanguinea,85,60,50,0.255,small,0,1,0,0,no,1,3.921568627,pbonebra_UCSDOnline,-117.2461682,32.91428759
136,4/24/2021 1:54,consanguinea,94,48.5,56,0.255304,small,1,1,0,0,no,2,7.833798139,ldr002_UCSDOnline,-117.2454197,32.86932282
88,4/23/2021 18:09,consanguinea,78,82,40,0.25584,small,4,0,0,0,no,4,15.63477173,nmorrow_UCSDOnline,-117.2399503,32.87998804
13,4/20/2021 21:08,consanguinea,40,80,80,0.256,small,1,1,0,0,no,2,7.8125,pdan_UCSDOnline,-117.1976517,32.86604791
144,4/24/2021 2:45,pilularis,19,148,92,0.258704,small,0,0,0,0,no,0,0,ethomsen_UCSDOnline,-117.2408996,32.8751163
234,4/30/2021 18:23,consanguinea,60,75,60,0.27,small,5,14,5,2,no,26,96.2962963,pbonebra_UCSDOnline,-117.2336947,32.88397156
501,5/12/2021 21:58,consanguinea,65,92,46,0.27508,small,2,1,0,0,yes,3,10.90591828,mhibler_UCSDOnline,-117.2362319,32.88107517
19,4/22/2021 21:20,consanguinea,120,52,45,0.2808,small,0,0,0,0,no,0,0,mhibler_UCSDOnline,-117.2165181,32.8596354
368,5/4/2021 22:17,consanguinea,108,52,50,0.2808,small,1,0,0,0,no,1,3.561253561,pdan_UCSDOnline,-117.2150925,32.86042963
129,4/24/2021 1:35,consanguinea,84,69,48.5,0.281106,small,0,0,0,5,no,5,17.78688466,ldr002_UCSDOnline,-117.2445086,32.86952466
352,5/1/2021 23:45,pilularis,70,83,49,0.28469,small,4,2,6,0,yes,12,42.15111174,j3swanso_UCSDOnline,-117.230253,32.88202551
113,4/23/2021 22:13,consanguinea,21,118,118,0.292404,small,2,0,0,0,yes,2,6.839851712,jalpizar_UCSDOnline,-117.240861,32.87637804
126,4/24/2021 1:10,consanguinea,127,42,55,0.29337,small,0,0,0,0,no,0,0,ldr002_UCSDOnline,-117.2428377,32.86952059
131,4/24/2021 1:49,consanguinea,94.3,56,56,0.2957248,small,0,1,0,0,no,1,3.38152228,ldr002_UCSDOnline,-117.2449797,32.86940446
231,4/30/2021 17:50,consanguinea,82,65,56,0.29848,small,0,1,0,0,no,1,3.350308228,kas063_UCSDOnline,-117.2384122,32.88243774
512,5/12/2021 22:22,consanguinea,78,65,59,0.29913,small,0,0,0,14,yes,14,46.80239361,mhibler_UCSDOnline,-117.2364769,32.88136988
237,4/30/2021 18:30,consanguinea,100,60,50,0.3,small,2,0,0,0,no,2,6.666666667,pbonebra_UCSDOnline,-117.2334616,32.88426801
300,4/30/2021 23:44,consanguinea,119,54,47,0.302022,small,3,1,0,0,yes,4,13.24406831,nmorrow_UCSDOnline,-117.236233,32.8811263
462,5/8/2021 0:34,pilularis,85,76,48,0.31008,small,3,4,0,0,no,7,22.5748194,j3swanso_UCSDOnline,-117.2185869,32.85539746
8,4/20/2021 20:46,consanguinea,65,70,70,0.3185,small,5,2,0,0,no,7,21.97802198,pdan_UCSDOnline,-117.1975031,32.86678764
48,4/22/2021 22:31,consanguinea,66,84,58,0.321552,small,1,3,0,0,yes,4,12.43966761,aburquiz_UCSDOnline,-117.2200649,32.85540175
570,5/15/2021 2:10,pilularis,108,59,51,0.324972,small,3,1,0,0,no,4,12.30875275,ldr002_UCSDOnline,-117.2204017,32.8461679
366,5/4/2021 22:09,consanguinea,100,60,55,0.33,small,1,1,0,0,no,2,6.060606061,pdan_UCSDOnline,-117.21214,32.86149877
543,5/14/2021 22:51,consanguinea,111,49,61,0.331779,small,0,0,0,3,no,3,9.042163609,evzhou_UCSDOnline,-117.2365052,32.8813512
302,4/30/2021 23:47,consanguinea,74,102,44,0.332112,small,0,1,0,0,yes,1,3.011032423,nmorrow_UCSDOnline,-117.2360034,32.88104357
143,4/24/2021 2:39,pilularis,31,115,95,0.338675,small,0,0,0,0,no,0,0,ethomsen_UCSDOnline,-117.2409483,32.87507227
220,4/30/2021 1:17,consanguinea,113,54,56,0.341712,small,4,1,5,0,no,10,29.2644098,mhibler_UCSDOnline,-117.2218438,32.85727664
85,4/23/2021 18:03,pilularis,44,76,103,0.344432,small,2,1,0,0,yes,3,8.709992103,nmorrow_UCSDOnline,-117.2400038,32.87995891
128,4/24/2021 1:31,consanguinea,56,86,72,0.346752,small,0,0,0,0,no,0,0,ldr002_UCSDOnline,-117.2444642,32.86949645
323,5/1/2021 2:36,pilularis,17,147,139,0.347361,small,14,3,0,0,no,17,48.94043949,ethomsen_UCSDOnline,-117.242134,32.87626272
268,4/30/2021 20:46,consanguinea,70,84,60,0.3528,small,7,4,1,0,no,12,34.01360544,ncirrito_UCSDOnline,-117.2403363,32.87142052
238,4/30/2021 18:32,consanguinea,110,50,65,0.3575,small,0,0,2,0,yes,2,5.594405594,pbonebra_UCSDOnline,-117.2330997,32.88467846
599,5/14/2021 22:10,consanguinea,45,80,100,0.36,small,19,0,0,0,no,19,52.77777778,pdan_UCSDOnline,-117.225858,32.89967891
341,5/1/2021 16:53,consanguinea,100,70,52,0.364,small,0,0,0,0,no,0,0,ncirrito_UCSDOnline,-117.2402872,32.87142944
229,4/30/2021 17:36,consanguinea,90,90,45,0.3645,small,1,0,0,0,no,1,2.743484225,kas063_UCSDOnline,-117.2378807,32.88147343
272,4/30/2021 16:47,consanguinea,104,78,45,0.36504,small,1,0,0,0,no,1,2.739425816,pdan_UCSDOnline,-117.2367718,32.88164514
388,5/5/2021 1:46,consanguinea,63,136,43,0.368424,small,1,1,0,2,yes,4,10.857056,s1lippma_UCSDOnline,-117.2221934,32.85576317
152,4/23/2021 23:26,pilularis,105,60,60,0.378,small,0,0,0,2,no,2,5.291005291,kas063_UCSDOnline,-117.236298,32.88147623
329,5/1/2021 16:32,consanguinea,120,80,40,0.384,small,0,2,0,0,no,2,5.208333333,ncirrito_UCSDOnline,-117.2400545,32.87146642
330,5/1/2021 16:32,consanguinea,120,80,40,0.384,small,0,2,0,0,no,2,5.208333333,ncirrito_UCSDOnline,-117.2400545,32.87146642
458,5/8/2021 0:14,consanguinea,96,60,67,0.38592,small,5,6,2,0,no,13,33.68573798,pbonebra_UCSDOnline,-117.2461323,32.91446878
214,4/30/2021 0:46,consanguinea,114,64,53,0.386688,small,0,0,4,0,no,4,10.34425687,mhibler_UCSDOnline,-117.2188884,32.8585351
510,5/12/2021 22:17,consanguinea,122,80,40,0.3904,small,0,0,0,0,yes,0,0,mhibler_UCSDOnline,-117.2362205,32.88127127
580,5/15/2021 2:28,pilularis,77,70,73,0.39347,small,3,0,5,0,no,8,20.33191857,ldr002_UCSDOnline,-117.2194504,32.84638608
477,5/8/2021 2:22,consanguinea,105,66,57,0.39501,small,0,0,0,0,no,0,0,jalpizar_UCSDOnline,-117.2367633,32.8811536
291,4/30/2021 23:24,consanguinea,82,67,73,0.401062,small,0,0,0,0,yes,0,0,evzhou_UCSDOnline,-117.2362107,32.88140077
521,5/14/2021 3:33,pilularis,94,91,47,0.402038,small,30,15,0,0,no,45,111.9297181,j3swanso_UCSDOnline,-117.2297138,32.85446829
273,4/30/2021 16:52,consanguinea,80,84,60,0.4032,small,2,1,0,2,no,5,12.40079365,pdan_UCSDOnline,-117.2370777,32.88169954
584,5/15/2021 2:33,consanguinea,72,89,64,0.410112,small,0,0,0,0,no,0,0,ldr002_UCSDOnline,-117.2194095,32.84615566
219,4/30/2021 1:14,consanguinea,96,63,70,0.42336,small,2,4,3,0,yes,9,21.2585034,mhibler_UCSDOnline,-117.2216377,32.85741063
304,4/30/2021 23:50,pilularis,67,50,127,0.42545,small,0,0,0,0,yes,0,0,nmorrow_UCSDOnline,-117.236039,32.88108942
82,4/23/2021 1:04,consanguinea,106,68,60,0.43248,small,3,4,0,0,no,7,16.18571957,ncirrito_UCSDOnline,-117.2449828,32.86949416
65,4/22/2021 23:34,consanguinea,92,76,62,0.433504,small,5,2,0,1,no,8,18.45427032,ncirrito_UCSDOnline,-117.2461677,32.87014185
583,5/15/2021 2:32,consanguinea,105,89,47,0.439215,small,1,0,0,0,no,1,2.276789272,ldr002_UCSDOnline,-117.2194346,32.84620679
497,5/12/2021 0:57,consanguinea,105,81,52,0.44226,small,0,1,7,0,no,8,18.08890698,s1lippma_UCSDOnline,-117.2290561,32.85520501
30,4/22/2021 21:58,consanguinea,98,77,59,0.445214,small,4,2,0,0,no,6,13.47666515,mhibler_UCSDOnline,-117.2185453,32.85893609
590,5/15/2021 2:42,consanguinea,132,49,70,0.45276,small,2,0,11,0,no,13,28.71278381,ldr002_UCSDOnline,-117.2193167,32.84584452
149,4/24/2021 2:43,pilularis,42,109,100,0.4578,small,1,0,0,0,no,1,2.184359983,ethomsen_UCSDOnline,-117.2417504,32.87525724
166,4/25/2021 23:02,pilularis,99.6,63.3,74.5,0.46969866,small,7,6,0,0,no,13,27.67731975,j3swanso_UCSDOnline,-117.2469728,32.86868282
401,5/7/2021 0:07,consanguinea,109,64,68,0.474368,small,1,8,0,0,no,9,18.97261198,mhibler_UCSDOnline,-117.2171946,32.85944236
600,5/14/2021 22:12,consanguinea,213,75,30,0.47925,small,5,1,0,0,no,6,12.51956182,pdan_UCSDOnline,-117.2258632,32.8996583
299,4/30/2021 23:41,consanguinea,120,60,67,0.4824,small,4,0,0,0,no,4,8.291873964,nmorrow_UCSDOnline,-117.2360271,32.88120094
125,4/24/2021 1:07,consanguinea,120,65,62,0.4836,small,0,0,0,0,no,0,0,ldr002_UCSDOnline,-117.2428924,32.86954448
64,4/22/2021 23:33,consanguinea,116,66,64,0.489984,small,5,0,0,1,no,6,12.24529781,pbonebra_UCSDOnline,-117.2460433,32.87014766
57,4/22/2021 22:39,consanguinea,85,78,74,0.49062,small,12,8,1,0,no,21,42.80298398,s1lippma_UCSDOnline,-117.2208582,32.8584083
522,5/14/2021 3:38,pilularis,104,98,48.5,0.494312,small,7,5,6,1,no,19,38.4372623,j3swanso_UCSDOnline,-117.2297358,32.85444872
279,4/30/2021 17:38,consanguinea,130,70,55,0.5005,large,0,1,0,0,no,1,1.998001998,pdan_UCSDOnline,-117.2378379,32.88200533
213,4/30/2021 0:43,consanguinea,122,56,74,0.505568,large,0,8,2,0,no,10,19.77973289,mhibler_UCSDOnline,-117.2188304,32.85844692
195,4/26/2021 22:31,consanguinea,68,104,72,0.509184,large,6,5,0,0,yes,11,21.60319256,s1lippma_UCSDOnline,-117.2215231,32.85739743
69,4/22/2021 23:48,consanguinea,125,60,68,0.51,large,0,0,18,0,no,18,35.29411765,pbonebra_UCSDOnline,-117.2470444,32.86962351
134,4/24/2021 1:53,consanguinea,155,54,61,0.51057,large,0,0,0,0,no,0,0,ldr002_UCSDOnline,-117.2453851,32.86936829
70,4/22/2021 23:47,consanguinea,120,62,70,0.5208,large,0,0,12,0,no,12,23.04147465,ncirrito_UCSDOnline,-117.2467712,32.86946677
589,5/15/2021 2:41,consanguinea,93,74,76,0.523032,large,0,0,0,0,no,0,0,ldr002_UCSDOnline,-117.2192939,32.84587881
204,4/26/2021 23:24,consanguinea,95,89,62,0.52421,large,0,1,0,0,no,1,1.907632437,s1lippma_UCSDOnline,-117.218719,32.85854407
461,5/8/2021 0:28,pilularis,92,114,51,0.534888,large,2,3,0,0,yes,5,9.347751305,j3swanso_UCSDOnline,-117.2148386,32.86010431
97,4/23/2021 18:25,pilularis,58,117,79,0.536094,large,0,1,0,0,yes,1,1.86534451,nmorrow_UCSDOnline,-117.2400056,32.87988415
466,5/8/2021 0:53,pilularis,111,95,51,0.537795,large,5,3,0,0,yes,8,14.87555667,j3swanso_UCSDOnline,-117.2186165,32.85541758
450,5/7/2021 23:16,pilularis,108,112,46,0.556416,large,1,2,0,0,no,3,5.391649413,j3swanso_UCSDOnline,-117.2097986,32.86137874
429,5/7/2021 22:28,pilularis,92.5,114,53,0.558885,large,2,4,0,0,no,6,10.73566118,j3swanso_UCSDOnline,-117.2185932,32.85540379
168,4/25/2021 23:13,pilularis,90.9,86.6,71.3,0.561269322,large,9,4,3,0,yes,16,28.5068137,j3swanso_UCSDOnline,-117.2469215,32.86843384
43,4/22/2021 22:19,consanguinea,118,61,79,0.568642,large,3,1,1,0,no,5,8.792878472,mhibler_UCSDOnline,-117.2205473,32.8579961
270,4/30/2021 16:33,consanguinea,95,150,40,0.57,large,0,0,0,0,no,0,0,pdan_UCSDOnline,-117.2364412,32.88137335
96,4/23/2021 18:23,pilularis,45,124,103,0.57474,large,3,0,0,0,yes,3,5.21975154,nmorrow_UCSDOnline,-117.239967,32.87984538
367,5/4/2021 22:11,consanguinea,150,70,55,0.5775,large,1,1,0,0,yes,2,3.463203463,pdan_UCSDOnline,-117.2123979,32.86148478
173,4/26/2021 0:12,pilularis,93.7,74.4,87,0.60650136,large,2,5,0,1,no,8,13.19040736,j3swanso_UCSDOnline,-117.244857,32.86944763
394,5/6/2021 21:07,pilularis,36,114,148,0.607392,large,7,23,0,3,yes,33,54.33064644,ethomsen_UCSDOnline,-117.243492,32.87673719
445,5/8/2021 0:05,consanguinea,127,60,80,0.6096,large,2,1,0,0,no,3,4.921259843,pbonebra_UCSDOnline,-117.2456625,32.91359458
104,4/23/2021 21:06,consanguinea,165,58,64,0.61248,large,10,2,0,0,no,12,19.59247649,evzhou_UCSDOnline,-117.2402527,32.87147362
5,4/14/2021 18:51,consanguinea,140,110,40,0.616,large,0,0,0,0,no,0,0,kuyeda_UCSDOnline,-117.2361449,32.8812301
243,4/30/2021 18:38,consanguinea,160,70,55,0.616,large,3,3,1,0,no,7,11.36363636,pbonebra_UCSDOnline,-117.2321452,32.88482482
485,5/12/2021 0:41,consanguinea,105,97,61,0.621285,large,22,2,20,0,yes,44,70.82095978,aburquiz_UCSDOnline,-117.2279998,32.85526474
130,4/24/2021 1:37,,112,97,57.2,0.6214208,large,0,0,0,9,no,9,14.48293974,ldr002_UCSDOnline,-117.2445172,32.86951422
155,4/23/2021 23:50,pilularis,87,80,90,0.6264,large,1,0,0,0,no,1,1.59642401,kas063_UCSDOnline,-117.2361719,32.88121754
193,4/26/2021 22:24,consanguinea,84,101,74,0.627816,large,3,1,0,0,yes,4,6.3712935,s1lippma_UCSDOnline,-117.2216386,32.85735434
180,4/26/2021 22:42,consanguinea,91,85,82,0.63427,large,1,1,6,0,no,8,12.61292509,aburquiz_UCSDOnline,-117.2216107,32.85744443
206,4/26/2021 23:37,consanguinea,82,97,81,0.644274,large,0,1,0,0,no,1,1.552134651,s1lippma_UCSDOnline,-117.2209382,32.85689355
409,5/7/2021 0:44,consanguinea,144,142,32,0.654336,large,3,0,0,0,yes,3,4.584800469,mhibler_UCSDOnline,-117.2139718,32.8605328
260,4/30/2021 20:30,consanguinea,160,60,70,0.672,large,9,7,0,0,no,16,23.80952381,ncirrito_UCSDOnline,-117.2403443,32.87143166
278,4/30/2021 17:32,consanguinea,110,87,73,0.69861,large,0,4,0,0,no,4,5.72565523,pdan_UCSDOnline,-117.2379711,32.88157959
439,5/7/2021 23:20,consanguinea,148,60,79,0.70152,large,0,0,0,0,no,0,0,evzhou_UCSDOnline,-117.236494,32.88137851
161,4/24/2021 0:10,pilularis,66,104,104,0.713856,large,0,0,0,0,no,0,0,kas063_UCSDOnline,-117.2368811,32.88140762
596,5/14/2021 21:58,consanguinea,164,97,45,0.71586,large,26,12,0,1,no,39,54.47992624,pdan_UCSDOnline,-117.2253934,32.90129742
475,5/8/2021 2:17,consanguinea,70,91,113,0.71981,large,0,0,0,0,no,0,0,jalpizar_UCSDOnline,-117.2363347,32.88112266
406,5/7/2021 0:35,consanguinea,122,87,69,0.732366,large,1,1,1,2,no,5,6.827187499,mhibler_UCSDOnline,-117.21375,32.86061042
393,5/6/2021 20:55,pilularis,27,143,190,0.73359,large,87,8,0,0,yes,95,129.5001295,ethomsen_UCSDOnline,-117.2436823,32.87721962
59,4/22/2021 22:46,consanguinea,88,116,72,0.734976,large,4,3,0,0,yes,7,9.524120515,s1lippma_UCSDOnline,-117.2204583,32.85624932
203,4/26/2021 23:09,consanguinea,94,104,76,0.742976,large,14,4,0,0,yes,18,24.22689293,s1lippma_UCSDOnline,-117.2207204,32.85799782
275,4/30/2021 17:13,consanguinea,177,85,50,0.75225,large,0,0,1,0,no,1,1.329345297,pdan_UCSDOnline,-117.2379854,32.88128954
225,4/30/2021 17:08,consanguinea,114,110,60,0.7524,large,0,0,0,0,no,0,0,kas063_UCSDOnline,-117.2380736,32.88154309
222,4/30/2021 16:27,consanguinea,80,112,85,0.7616,large,0,0,0,0,no,0,0,kas063_UCSDOnline,-117.2362731,32.88117812
595,5/14/2021 21:56,consanguinea,110,95,74,0.7733,large,17,3,1,0,no,21,27.15634295,pdan_UCSDOnline,-117.2253542,32.90135598
598,5/14/2021 22:06,consanguinea,182,80,54,0.78624,large,1,3,0,1,no,5,6.359381359,pdan_UCSDOnline,-117.2258496,32.90026275
577,5/15/2021 2:21,consanguinea,96,75,111,0.7992,large,10,0,0,0,no,10,12.51251251,ldr002_UCSDOnline,-117.2197606,32.84636667
60,4/22/2021 22:55,consanguinea,103,111,70,0.80031,large,2,4,1,0,no,7,8.746610688,s1lippma_UCSDOnline,-117.2200536,32.85884921
91,4/23/2021 18:15,pilularis,63,118,110,0.81774,large,2,2,0,0,yes,4,4.891530315,nmorrow_UCSDOnline,-117.2399205,32.87998339
247,4/30/2021 19:05,consanguinea,133,64,97,0.825664,large,0,0,0,0,no,0,0,ldr002_UCSDOnline,-117.2378468,32.88803542
591,5/15/2021 2:44,consanguinea,107,86,91,0.837382,large,8,3,0,0,no,11,13.13617919,ldr002_UCSDOnline,-117.2192766,32.84561934
261,4/30/2021 20:32,consanguinea,100,105,80,0.84,large,0,3,4,0,no,7,8.333333333,ncirrito_UCSDOnline,-117.2403627,32.87146936
297,4/30/2021 23:35,consanguinea,120,74,95,0.8436,large,0,0,0,2,no,2,2.370791844,evzhou_UCSDOnline,-117.2368119,32.88161782
257,4/30/2021 20:23,consanguinea,120,90,80,0.864,large,2,0,0,0,no,2,2.314814815,ncirrito_UCSDOnline,-117.2403416,32.87136099
287,4/30/2021 23:09,pilularis,117,82,91,0.873054,large,0,0,0,0,no,0,0,evzhou_UCSDOnline,-117.2361087,32.88132358
481,5/8/2021 19:18,consanguinea,149,100,60,0.894,large,2,0,0,0,yes,2,2.237136465,ncirrito_UCSDOnline,-117.2389143,32.8846691
233,4/30/2021 18:11,consanguinea,107,76,110,0.89452,large,6,1,0,0,no,7,7.825425927,kas063_UCSDOnline,-117.2363163,32.88143326
451,5/8/2021 0:01,pilularis,107,150,58,0.9309,large,9,6,0,0,no,15,16.11343861,j3swanso_UCSDOnline,-117.217595,32.8550875
215,4/30/2021 0:56,consanguinea,135,89,78,0.93717,large,3,1,1,0,no,5,5.335211328,mhibler_UCSDOnline,-117.2203875,32.85779318
585,5/15/2021 2:34,consanguinea,97,108,91,0.953316,large,10,2,1,0,no,13,13.63661157,ldr002_UCSDOnline,-117.2194159,32.84614698
533,5/14/2021 4:27,pilularis,106,110,83,0.96778,large,2,3,0,1,no,6,6.199756143,j3swanso_UCSDOnline,-117.2294933,32.85458383
39,4/22/2021 22:13,consanguinea,103,102,93,0.977058,large,2,1,0,0,no,3,3.070442082,mhibler_UCSDOnline,-117.2196972,32.85872932
336,5/1/2021 16:45,consanguinea,120,150,55,0.99,large,0,0,0,0,yes,0,0,ncirrito_UCSDOnline,-117.2402517,32.87128094
365,5/4/2021 22:04,consanguinea,200,100,50,1,large,11,7,1,0,no,19,19,pdan_UCSDOnline,-117.2108666,32.86179055
350,5/1/2021 23:31,consanguinea,137,97,76,1.009964,large,1,2,12,0,no,15,14.85201453,j3swanso_UCSDOnline,-117.2300909,32.88225404
288,4/30/2021 23:12,consanguinea,135,87,86,1.01007,large,0,0,0,0,no,0,0,evzhou_UCSDOnline,-117.2360705,32.88125881
45,4/22/2021 22:21,consanguinea,148,124,56,1.027712,large,5,0,0,0,no,5,4.865176236,mhibler_UCSDOnline,-117.2206976,32.85802657
349,5/1/2021 23:24,consanguinea,132,86,92,1.044384,large,3,1,0,0,no,4,3.830008886,j3swanso_UCSDOnline,-117.2300909,32.88228078
3,4/14/2021 18:45,consanguinea,110,100,95,1.045,large,0,0,0,0,no,0,0,kuyeda_UCSDOnline,-117.2361221,32.8812405
75,4/23/2021 0:05,consanguinea,122,140,62,1.05896,large,8,0,0,0,no,8,7.554581854,ncirrito_UCSDOnline,-117.2445766,32.86940319
228,4/30/2021 17:30,consanguinea,116,110,83,1.05908,large,4,0,0,0,no,4,3.776862938,kas063_UCSDOnline,-117.2380135,32.88136123
93,4/23/2021 18:19,pilularis,67,134,119,1.068382,large,7,4,0,0,yes,11,10.29594284,nmorrow_UCSDOnline,-117.2399313,32.87991051
107,4/23/2021 21:18,pilularis,107,105,96,1.07856,large,1,0,0,0,no,1,0.927162142,evzhou_UCSDOnline,-117.2401851,32.87142375
454,5/8/2021 0:11,consanguinea,70,120,130,1.092,large,3,2,2,0,no,7,6.41025641,pbonebra_UCSDOnline,-117.2461486,32.91434391
292,4/30/2021 23:28,consanguinea,149,88,85,1.11452,large,0,0,0,0,no,0,0,evzhou_UCSDOnline,-117.2365276,32.88135359
255,4/30/2021 20:03,pilularis,152,96,77,1.123584,large,0,0,7,0,no,7,6.230063796,ldr002_UCSDOnline,-117.2389429,32.88464008
117,4/23/2021 23:02,pilularis,63,140,132,1.16424,large,0,0,0,0,no,0,0,jalpizar_UCSDOnline,-117.2432638,32.87635635
313,5/1/2021 0:05,consanguinea,107,119,93,1.184169,large,1,0,0,0,no,1,0.844474057,nmorrow_UCSDOnline,-117.2359913,32.88103838
277,4/30/2021 17:24,consanguinea,150,50,160,1.2,large,6,4,0,0,yes,10,8.333333333,pdan_UCSDOnline,-117.2379446,32.88128331
310,4/30/2021 23:56,consanguinea,117,154,67,1.207206,large,2,0,0,0,yes,2,1.656718075,nmorrow_UCSDOnline,-117.2362296,32.88099852
162,4/25/2021 14:58,consanguinea,122,110,90,1.2078,large,2,0,0,0,no,2,1.655903295,kuyeda_UCSDOnline,-117.2142895,32.8588641
345,5/1/2021 23:00,pilularis,140,142,61,1.21268,large,10,1,0,0,no,11,9.070818353,j3swanso_UCSDOnline,-117.230326,32.8816705
459,5/8/2021 0:15,consanguinea,147,150,55,1.21275,large,4,3,0,0,yes,7,5.772005772,j3swanso_UCSDOnline,-117.2180496,32.85525568
332,5/1/2021 16:39,consanguinea,160,90,85,1.224,large,2,2,0,0,no,4,3.267973856,ncirrito_UCSDOnline,-117.240283,32.87137492
226,4/30/2021 17:20,consanguinea,160,120,65,1.248,large,0,0,0,0,no,0,0,kas063_UCSDOnline,-117.237952,32.88133927
344,5/1/2021 22:53,consanguinea,117,149,72,1.255176,large,6,2,0,0,yes,8,6.373608163,j3swanso_UCSDOnline,-117.2303116,32.88163404
500,5/12/2021 21:53,consanguinea,89,151,94,1.263266,large,9,4,0,0,yes,13,10.29078595,mhibler_UCSDOnline,-117.2363187,32.88090007
156,4/23/2021 23:54,pilularis,64,152,130,1.26464,large,3,0,0,0,no,3,2.372216599,kas063_UCSDOnline,-117.236154,32.88113094
251,4/30/2021 19:55,pilularis,88,122,118,1.266848,large,2,0,0,0,no,2,1.578721362,ldr002_UCSDOnline,-117.2387888,32.88465119
298,4/30/2021 23:39,pilularis,131,98,99,1.270962,large,2,1,0,0,no,3,2.360416755,evzhou_UCSDOnline,-117.2371089,32.88170273
174,4/26/2021 0:19,consanguinea,142.3,147.4,61.3,1.285768726,large,8,10,1,2,no,21,16.33264177,j3swanso_UCSDOnline,-117.2448372,32.86951343
343,5/1/2021 16:59,consanguinea,105,123,100,1.2915,large,0,2,0,0,no,2,1.548586914,ncirrito_UCSDOnline,-117.2402562,32.87117759
434,5/7/2021 23:03,consanguinea,166,98,80,1.30144,large,0,0,0,0,no,0,0,evzhou_UCSDOnline,-117.2363657,32.88127567
397,5/6/2021 21:22,consanguinea,74,135,131,1.30869,large,137,41,0,0,yes,178,136.0138765,ethomsen_UCSDOnline,-117.2435933,32.87657496
83,4/23/2021 1:10,consanguinea,140,120,80,1.344,large,6,9,0,0,no,15,11.16071429,ncirrito_UCSDOnline,-117.243102,32.87002915
363,5/4/2021 21:57,consanguinea,160,140,60,1.344,large,3,0,0,0,yes,3,2.232142857,pdan_UCSDOnline,-117.209971,32.86249983
480,5/8/2021 19:16,consanguinea,95,130,110,1.3585,large,4,0,0,0,yes,4,2.944423997,ncirrito_UCSDOnline,-117.2385966,32.88487577
169,4/25/2021 23:50,consanguinea,134.7,119.3,84.6,1.359497466,large,5,4,0,0,no,9,6.620093251,j3swanso_UCSDOnline,-117.2454328,32.86932358
563,5/14/2021 23:49,pilularis,70,150,130,1.365,large,15,20,5,2,yes,42,30.76923077,pbonebra_UCSDOnline,-117.2488902,32.88921341
62,4/22/2021 23:21,consanguinea,126,120,93,1.40616,large,1,0,0,0,no,1,0.711156625,ncirrito_UCSDOnline,-117.2458829,32.87024239
405,5/7/2021 0:32,consanguinea,133,128,84,1.430016,large,5,2,0,0,no,7,4.895050125,mhibler_UCSDOnline,-117.213756,32.86061943
402,5/7/2021 0:10,consanguinea,109,112,118,1.440544,large,2,2,6,0,yes,10,6.941821978,mhibler_UCSDOnline,-117.2168284,32.86013202
392,5/6/2021 20:48,pilularis,37,211,185,1.444295,large,72,11,0,0,yes,83,57.46748414,ethomsen_UCSDOnline,-117.24361,32.87665175
449,5/8/2021 0:09,consanguinea,150,110,89,1.4685,large,10,11,6,0,no,27,18.38610827,pbonebra_UCSDOnline,-117.2459204,32.91414139
430,5/7/2021 22:47,consanguinea,118,128,98,1.480192,large,0,0,0,0,no,0,0,evzhou_UCSDOnline,-117.2361179,32.88108238
465,5/8/2021 0:49,pilularis,154,132,73,1.483944,large,3,2,0,1,no,6,4.043279261,j3swanso_UCSDOnline,-117.2185689,32.85550056
12,4/20/2021 21:04,consanguinea,150,100,100,1.5,large,0,16,0,0,no,16,10.66666667,pdan_UCSDOnline,-117.1982042,32.86608975
44,4/22/2021 22:17,,94,155,103,1.50071,large,11,11,0,1,no,23,15.32607899,s1lippma_UCSDOnline,-117.2185933,32.85539139
100,4/23/2021 18:39,pilularis,67,240,94,1.51152,large,5,0,0,0,yes,5,3.307928443,nmorrow_UCSDOnline,-117.2398787,32.87999533
354,5/1/2021 23:57,consanguinea,99,150,102,1.5147,large,1,2,4,0,no,7,4.62137717,j3swanso_UCSDOnline,-117.2301733,32.88179543
18,4/22/2021 21:12,consanguinea,120,141,90,1.5228,large,1,0,0,0,no,1,0.656685054,mhibler_UCSDOnline,-117.2167023,32.85960233
112,4/23/2021 21:33,pilularis,124,97,128,1.539584,large,0,0,0,0,yes,0,0,evzhou_UCSDOnline,-117.2402688,32.87125522
338,5/1/2021 16:49,consanguinea,140,110,100,1.54,large,2,0,2,0,yes,4,2.597402597,ncirrito_UCSDOnline,-117.2401353,32.87135041
158,4/24/2021 0:00,consanguinea,133,116,100,1.5428,large,3,0,0,0,no,3,1.944516464,kas063_UCSDOnline,-117.2365851,32.88118583
463,5/8/2021 0:39,consanguinea,152,155,69,1.62564,large,4,3,6,1,no,14,8.611992815,j3swanso_UCSDOnline,-117.2187545,32.85538963
151,4/23/2021 23:10,pilularis,93,125,140,1.6275,large,3,1,0,0,no,4,2.457757296,kas063_UCSDOnline,-117.2367977,32.88137015
568,5/15/2021 2:07,consanguinea,148,102,110,1.66056,large,1,0,0,0,no,1,0.602206485,ldr002_UCSDOnline,-117.2204431,32.84626731
98,4/23/2021 18:26,consanguinea,92,114,160,1.67808,large,0,0,0,0,yes,0,0,nmorrow_UCSDOnline,-117.2400413,32.87987912
296,4/30/2021 23:31,consanguinea,142,120,99,1.68696,large,4,0,0,0,yes,4,2.371129132,nmorrow_UCSDOnline,-117.2361793,32.88099114
553,5/14/2021 23:25,consanguinea,133,111,115,1.697745,large,0,0,0,0,no,0,0,evzhou_UCSDOnline,-117.2365082,32.8811345
601,5/14/2021 22:15,consanguinea,182,90,105,1.7199,large,4,1,0,0,no,5,2.907145764,pdan_UCSDOnline,-117.2258773,32.89935491
224,4/30/2021 16:57,consanguinea,110,132,119,1.72788,large,5,0,0,3,no,8,4.629951154,kas063_UCSDOnline,-117.2379431,32.88149934
109,4/23/2021 21:25,pilularis,145,118,101,1.72811,large,2,0,0,0,no,2,1.157333735,evzhou_UCSDOnline,-117.2402485,32.87133265
47,4/22/2021 22:26,consanguinea,150,118,99,1.7523,large,5,2,0,0,no,7,3.994749757,mhibler_UCSDOnline,-117.220566,32.85813864
99,4/23/2021 18:36,consanguinea,86,150,137,1.7673,large,1,0,0,0,no,1,0.565834889,nmorrow_UCSDOnline,-117.2399611,32.87993372
157,4/24/2021 6:27,pilularis,153,116,100,1.7748,large,6,3,0,0,no,9,5.070993915,kas063_UCSDOnline,-117.2366277,32.88117747
165,4/25/2021 22:03,consanguinea,149.6,148.2,80.7,1.789177104,large,6,4,2,4,no,16,8.942658591,j3swanso_UCSDOnline,-117.24548,32.86932781
16,4/20/2021 21:32,consanguinea,80,150,150,1.8,large,3,7,1,0,no,11,6.111111111,pdan_UCSDOnline,-117.2004811,32.86487481
78,4/23/2021 0:15,consanguinea,100,140,130,1.82,large,0,0,0,0,no,0,0,pbonebra_UCSDOnline,-117.2440152,32.87017674
574,5/15/2021 2:18,consanguinea,103,145,122,1.82207,large,19,0,0,0,no,19,10.42770036,ldr002_UCSDOnline,-117.2199617,32.84630159
163,4/25/2021 15:12,consanguinea,145,110,120,1.914,large,1,0,0,0,no,1,0.52246604,kuyeda_UCSDOnline,-117.2133514,32.8592086
170,4/25/2021 23:57,consanguinea,138.6,125.5,110.3,1.91859129,large,9,7,0,1,no,17,8.860667766,j3swanso_UCSDOnline,-117.2453856,32.86933665
7,4/20/2021 20:36,consanguinea,75,160,160,1.92,large,0,5,0,0,no,5,2.604166667,pdan_UCSDOnline,-117.1977197,32.86746928
49,4/22/2021 22:39,consanguinea,127,142,108,1.947672,large,1,2,0,0,no,3,1.54030042,aburquiz_UCSDOnline,-117.2210232,32.85819498
159,4/24/2021 0:04,consanguinea,119,149,110,1.95041,large,0,0,0,0,no,0,0,kas063_UCSDOnline,-117.2367438,32.88120762
444,5/8/2021 0:04,consanguinea,137,130,110,1.9591,large,11,5,2,0,no,18,9.1878924,pbonebra_UCSDOnline,-117.2455693,32.91333358
102,4/23/2021 20:56,consanguinea,144,162,84,1.959552,large,15,1,0,0,no,16,8.165131622,evzhou_UCSDOnline,-117.2403642,32.87146882
258,4/30/2021 20:25,consanguinea,125,140,115,2.0125,large,3,4,3,0,yes,10,4.968944099,ncirrito_UCSDOnline,-117.2403427,32.87149228
244,4/30/2021 18:39,consanguinea,120,140,120,2.016,large,1,2,0,0,no,3,1.488095238,pbonebra_UCSDOnline,-117.232247,32.88491345
519,5/14/2021 0:53,consanguinea,135,125,120,2.025,large,4,7,0,0,no,11,5.432098765,ncirrito_UCSDOnline,-117.2384005,32.88245283
507,5/12/2021 22:10,consanguinea,122,130,128,2.03008,large,0,0,1,0,yes,1,0.492591425,mhibler_UCSDOnline,-117.2363253,32.88115685
259,4/30/2021 20:28,consanguinea,150,155,90,2.0925,large,18,1,0,0,no,19,9.08004779,ncirrito_UCSDOnline,-117.2402806,32.87142092
443,5/7/2021 23:59,consanguinea,140,125,120,2.1,large,12,13,0,0,no,25,11.9047619,pbonebra_UCSDOnline,-117.2449445,32.9109647
267,4/30/2021 20:45,consanguinea,155,120,115,2.139,large,1,1,0,0,no,2,0.935016363,ncirrito_UCSDOnline,-117.2402888,32.87143841
24,4/22/2021 21:49,consanguinea,150,110,130,2.145,large,2,2,0,0,no,4,1.864801865,mhibler_UCSDOnline,-117.218059,32.85888073
431,5/7/2021 22:51,consanguinea,136,134,119,2.168656,large,1,0,0,0,no,1,0.461115087,evzhou_UCSDOnline,-117.2362593,32.8811311
404,5/7/2021 0:29,consanguinea,112,150,132,2.2176,large,8,1,0,0,no,9,4.058441558,mhibler_UCSDOnline,-117.2135714,32.86088241
376,5/5/2021 1:45,consanguinea,166,112,120,2.23104,large,0,5,0,0,no,5,2.241107286,aburquiz_UCSDOnline,-117.2215162,32.85605622
223,4/30/2021 16:38,consanguinea,127,136,130,2.24536,large,10,2,0,6,no,18,8.01653187,kas063_UCSDOnline,-117.2377465,32.88160264
515,5/14/2021 0:34,pilularis,140,180,90,2.268,large,7,3,0,0,yes,10,4.409171076,ncirrito_UCSDOnline,-117.2385153,32.88249395
153,4/23/2021 23:41,consanguinea,95,243,100,2.3085,large,0,0,0,0,no,0,0,kas063_UCSDOnline,-117.2362858,32.88143713
504,5/12/2021 22:02,consanguinea,142,123,134,2.340444,large,6,2,0,0,no,8,3.418154846,mhibler_UCSDOnline,-117.2362516,32.88111918
460,5/8/2021 0:21,consanguinea,155,150,101,2.34825,large,5,4,2,0,no,11,4.684339402,j3swanso_UCSDOnline,-117.2183684,32.85525644
573,5/15/2021 2:15,consanguinea,122,132,150,2.4156,large,4,1,0,0,no,5,2.069879119,ldr002_UCSDOnline,-117.2199519,32.84619887
335,5/1/2021 16:43,consanguinea,190,110,120,2.508,large,3,1,0,0,no,4,1.594896332,ncirrito_UCSDOnline,-117.2402409,32.87132011
276,4/30/2021 17:18,consanguinea,175,155,93,2.522625,large,2,2,1,0,no,5,1.982062336,pdan_UCSDOnline,-117.2380002,32.88126895
164,4/25/2021 21:17,consanguinea,149.5,137.7,123.4,2.54033091,large,0,7,2,3,no,12,4.723794035,j3swanso_UCSDOnline,-117.2430435,32.8699194
132,4/24/2021 1:46,consanguinea,255,144,71,2.60712,large,46,6,0,0,no,52,19.94538034,ethomsen_UCSDOnline,-117.2485609,32.87181328
280,4/30/2021 17:45,consanguinea,180,213,70,2.6838,large,2,0,0,0,no,2,0.745212013,pdan_UCSDOnline,-117.2384747,32.88246885
569,5/15/2021 2:09,consanguinea,153,121,145,2.684385,large,7,0,0,0,no,7,2.607673638,ldr002_UCSDOnline,-117.2204046,32.84617251
14,4/20/2021 21:19,consanguinea,120,150,150,2.7,large,0,0,0,0,no,0,0,pdan_UCSDOnline,-117.1988204,32.86550216
346,5/1/2021 23:10,pilularis,83,104,314,2.710448,large,0,7,8,0,no,15,5.534140482,j3swanso_UCSDOnline,-117.2304799,32.88211478
26,4/22/2021 21:52,consanguinea,150,150,122,2.745,large,3,5,0,0,no,8,2.9143898,mhibler_UCSDOnline,-117.2180078,32.85885051
37,4/22/2021 22:09,consanguinea,150,150,122,2.745,large,0,0,5,1,no,6,2.18579235,mhibler_UCSDOnline,-117.218844,32.85876514
101,4/23/2021 20:47,consanguinea,162,150,115,2.7945,large,8,3,2,0,no,13,4.65199499,evzhou_UCSDOnline,-117.2403346,32.87149597
362,5/4/2021 21:54,consanguinea,176,135,120,2.8512,large,21,2,0,0,no,23,8.0667789,pdan_UCSDOnline,-117.2092393,32.86272991
331,5/1/2021 16:38,consanguinea,160,150,120,2.88,large,1,2,0,0,no,3,1.041666667,ncirrito_UCSDOnline,-117.2402328,32.87142314
211,4/30/2021 0:32,consanguinea,132,150,147,2.9106,large,5,8,0,2,no,15,5.153576582,mhibler_UCSDOnline,-117.2182478,32.85856469
508,5/12/2021 22:12,consanguinea,148,142,139,2.921224,large,2,0,0,0,no,2,0.684644519,mhibler_UCSDOnline,-117.2363179,32.88121096
22,4/22/2021 21:46,consanguinea,130,150,150,2.925,large,3,1,0,0,no,4,1.367521368,mhibler_UCSDOnline,-117.2176696,32.85894674
135,4/24/2021 1:52,,154,134,142,2.930312,large,25,17,0,0,no,42,14.33294475,ethomsen_UCSDOnline,-117.2485375,32.87181566
150,4/22/2021 19:25,pilularis,162,132,138,2.950992,large,16,0,0,0,no,16,5.421905583,kas063_UCSDOnline,-117.2369523,32.88100171
327,5/1/2021 16:28,consanguinea,155,160,120,2.976,large,1,0,0,0,no,1,0.336021505,ncirrito_UCSDOnline,-117.2401241,32.8714453
441,5/7/2021 23:28,consanguinea,139,132,164,3.009072,large,0,0,0,0,no,0,0,evzhou_UCSDOnline,-117.2368385,32.88164468
248,4/30/2021 19:45,consanguinea,155,148,133,3.05102,large,5,0,0,0,no,5,1.638796206,ldr002_UCSDOnline,-117.2385293,32.88456334
154,4/23/2021 23:50,pilularis,160,150,130,3.12,large,2,0,0,0,no,2,0.641025641,kas063_UCSDOnline,-117.2361482,32.88148177
21,4/22/2021 21:27,consanguinea,110,190,150,3.135,large,7,3,2,0,no,12,3.827751196,aburquiz_UCSDOnline,-117.2171209,32.85516362
61,4/22/2021 23:20,consanguinea,140,140,160,3.136,large,0,4,0,0,no,4,1.275510204,pbonebra_UCSDOnline,-117.2459453,32.87024553
286,4/30/2021 23:01,consanguinea,158,122,163,3.141988,large,0,0,0,0,no,0,0,evzhou_UCSDOnline,-117.2360083,32.88134239
290,4/30/2021 23:18,consanguinea,158,149,137,3.225254,large,0,0,0,0,no,0,0,evzhou_UCSDOnline,-117.2362462,32.88124128
505,5/12/2021 22:04,consanguinea,152,147,145,3.23988,large,5,1,4,0,no,10,3.086534069,mhibler_UCSDOnline,-117.2362666,32.88111088
111,4/23/2021 21:30,consanguinea,167,124,159,3.292572,large,0,0,0,0,no,0,0,evzhou_UCSDOnline,-117.2402752,32.8712773
34,4/22/2021 22:05,consanguinea,150,150,147,3.3075,large,5,1,0,0,no,6,1.814058957,mhibler_UCSDOnline,-117.2187201,32.8586731
63,4/22/2021 23:28,consanguinea,140,150,160,3.36,large,0,4,0,0,no,4,1.19047619,pbonebra_UCSDOnline,-117.2459669,32.87021655
333,5/1/2021 16:41,consanguinea,180,170,110,3.366,large,0,1,0,0,no,1,0.297088532,ncirrito_UCSDOnline,-117.2403048,32.8713388
506,5/12/2021 22:07,consanguinea,152,150,150,3.42,large,3,4,0,0,no,7,2.046783626,mhibler_UCSDOnline,-117.2362345,32.88111515
108,4/23/2021 21:22,consanguinea,151,136,168,3.450048,large,0,0,0,0,yes,0,0,evzhou_UCSDOnline,-117.240181,32.87133092
509,5/12/2021 22:15,consanguinea,148,156,150,3.4632,large,4,2,0,0,no,6,1.732501733,mhibler_UCSDOnline,-117.2362396,32.88128539
364,5/4/2021 22:01,consanguinea,173,95,215,3.533525,large,4,0,1,0,no,5,1.415017582,pdan_UCSDOnline,-117.2101079,32.86202167
359,5/4/2021 21:31,consanguinea,170,140,150,3.57,large,0,6,5,0,no,11,3.081232493,pdan_UCSDOnline,-117.2068023,32.86390105
602,5/14/2021 22:22,consanguinea,173,130,162,3.64338,large,2,1,0,0,no,3,0.823411228,pdan_UCSDOnline,-117.2260283,32.89763857
482,5/8/2021 19:21,consanguinea,155,170,140,3.689,large,27,7,0,0,no,34,9.216589862,ncirrito_UCSDOnline,-117.2389479,32.88476344
264,4/30/2021 20:39,consanguinea,150,160,155,3.72,large,0,2,0,0,no,2,0.537634409,ncirrito_UCSDOnline,-117.2403264,32.87152114
435,5/7/2021 23:07,consanguinea,159,156,152,3.770208,large,0,0,0,0,no,0,0,evzhou_UCSDOnline,-117.2363242,32.88127867
127,4/24/2021 1:15,pilularis,178,145,150,3.8715,large,0,0,0,0,no,0,0,ldr002_UCSDOnline,-117.243039,32.86984003
106,4/23/2021 21:14,consanguinea,153,199,128,3.897216,large,2,0,0,0,no,2,0.513186849,evzhou_UCSDOnline,-117.2401877,32.8713424
33,4/22/2021 21:58,consanguinea,175,140,160,3.92,large,7,12,0,0,no,19,4.846938776,aburquiz_UCSDOnline,-117.2183074,32.85533792
587,5/15/2021 2:37,pilularis,134,182,161,3.926468,large,24,0,0,0,no,24,6.11236358,ldr002_UCSDOnline,-117.2193769,32.84595248
597,5/14/2021 22:04,consanguinea,113,187,190,4.01489,large,4,12,0,2,no,18,4.483310875,pdan_UCSDOnline,-117.2258186,32.9002576
433,5/7/2021 22:59,consanguinea,171,145,164,4.06638,large,2,0,0,0,no,2,0.491837949,evzhou_UCSDOnline,-117.2361555,32.8811315
432,5/7/2021 22:55,consanguinea,172,161,147,4.070724,large,2,0,3,0,yes,5,1.228282733,evzhou_UCSDOnline,-117.2361,32.88108615
582,5/15/2021 2:30,consanguinea,165,208,121,4.15272,large,16,0,0,0,no,16,3.852896415,ldr002_UCSDOnline,-117.2194398,32.84624409
265,4/30/2021 20:41,consanguinea,170,165,150,4.2075,large,7,3,0,0,no,10,2.376708259,ncirrito_UCSDOnline,-117.2402996,32.87143795
328,5/1/2021 16:31,consanguinea,165,170,150,4.2075,large,0,3,0,0,no,3,0.713012478,ncirrito_UCSDOnline,-117.2401464,32.87141263
6,4/20/2021 0:29,consanguinea,131,245,134,4.30073,large,8,0,0,0,no,8,1.860149323,pdan_UCSDOnline,-117.2041575,32.87031275
266,4/30/2021 20:43,consanguinea,165,175,150,4.33125,large,2,3,0,0,no,5,1.154401154,ncirrito_UCSDOnline,-117.2402267,32.87140817
25,4/22/2021 21:36,consanguinea,130,230,150,4.485,large,6,8,0,0,no,14,3.121516165,s1lippma_UCSDOnline,-117.216898,32.85516468
10,4/20/2021 20:56,consanguinea,200,150,150,4.5,large,2,1,0,0,no,3,0.666666667,pdan_UCSDOnline,-117.197793,32.86648758
517,5/14/2021 0:50,consanguinea,150,230,140,4.83,large,0,3,0,1,no,4,0.82815735,ncirrito_UCSDOnline,-117.2382241,32.88237052
250,4/30/2021 19:53,consanguinea,165,160,187,4.9368,large,1,0,0,0,no,1,0.202560363,ldr002_UCSDOnline,-117.2387616,32.88456422
360,5/4/2021 21:34,consanguinea,215,150,165,5.32125,large,3,2,0,0,no,5,0.939628847,pdan_UCSDOnline,-117.2070425,32.86392572
337,5/1/2021 16:46,consanguinea,200,220,130,5.72,large,4,0,0,0,no,4,0.699300699,ncirrito_UCSDOnline,-117.2402116,32.87130674
17,4/20/2021 21:35,,210,170,170,6.069,large,3,0,11,0,no,14,2.306805075,pdan_UCSDOnline,-117.2003423,32.86497075
603,5/14/2021 22:26,consanguinea,180,155,220,6.138,large,3,0,0,0,no,3,0.488758553,pdan_UCSDOnline,-117.2262875,32.89679296
606,5/14/2021 22:42,consanguinea,215,195,150,6.28875,large,4,0,0,0,no,4,0.63605645,pdan_UCSDOnline,-117.227241,32.89468714
249,4/30/2021 19:49,consanguinea,171,203,195,6.769035,large,10,0,2,0,no,12,1.772778542,ldr002_UCSDOnline,-117.2387749,32.8844079
358,5/4/2021 21:28,consanguinea,210,165,200,6.93,large,0,3,2,1,no,6,0.865800866,pdan_UCSDOnline,-117.2068298,32.86395163
160,4/24/2021 6:42,,190,160,230,6.992,large,0,0,0,0,no,0,0,kas063_UCSDOnline,-117.2366702,32.88130193
369,5/4/2021 22:24,consanguinea,230,185,165,7.02075,large,3,0,0,0,no,3,0.427304775,pdan_UCSDOnline,-117.2184407,32.8596836
103,4/23/2021 21:00,,225,178,186,7.4493,large,4,2,0,0,no,6,0.805444807,evzhou_UCSDOnline,-117.2403327,32.87144453
361,5/4/2021 21:50,consanguinea,200,180,230,8.28,large,3,0,0,0,no,3,0.362318841,pdan_UCSDOnline,-117.2081603,32.86324921
246,4/30/2021 18:43,consanguinea,191,229,226,9.885014,large,3,2,0,15,no,20,2.023264712,ldr002_UCSDOnline,-117.2388324,32.88435027
604,5/14/2021 22:29,consanguinea,255,205,200,10.455,large,8,0,0,0,no,8,0.765184122,pdan_UCSDOnline,-117.2263392,32.89652172
15,4/20/2021 21:29,consanguinea,200,250,250,12.5,large,3,1,0,0,no,4,0.32,pdan_UCSDOnline,-117.2005237,32.86486114
36,4/22/2021 22:02,,230,260,210,12.558,large,6,15,9,0,no,30,2.388915432,s1lippma_UCSDOnline,-117.2184087,32.85536067
483,5/8/2021 19:23,consanguinea,250,240,240,14.4,large,25,14,0,0,no,39,2.708333333,ncirrito_UCSDOnline,-117.2389915,32.88474532
239,4/30/2021 18:33,consanguinea,200,300,250,15,large,15,25,6,0,no,46,3.066666667,pbonebra_UCSDOnline,-117.2330293,32.8848032
263,4/30/2021 20:36,consanguinea,200,300,250,15,large,6,8,4,0,no,18,1.2,ncirrito_UCSDOnline,-117.2403586,32.87145094
605,5/14/2021 22:36,consanguinea,270,230,300,18.63,large,6,2,0,0,no,8,0.429414922,pdan_UCSDOnline,-117.2266321,32.89577042
9,4/20/2021 20:51,consanguinea,300,275,275,22.6875,large,3,12,0,0,no,15,0.661157025,pdan_UCSDOnline,-117.1977281,32.86656411
403,5/7/2021 0:18,consanguinea,148,450,350,23.31,large,21,8,0,0,no,29,1.244101244,mhibler_UCSDOnline,-117.2162346,32.85988564
356,5/2/2021 20:51,consanguinea,250,400,350,35,large,26,9,1,0,no,36,1.028571429,ncirrito_UCSDOnline,-117.2445102,32.87079204
